id,user_name,repo_name,stars,repo_url,issue_url,linked_pr_url,root_cause_category,root_cause_subcategory,fix_category,fix_effectiveness,change_scope
1,tensorflow,tensorflow,,https://github.com/tensorflow/tensorflow,https://github.com/tensorflow/tensorflow/commit/ffe0051392bfceb528b1f60fcd7f7f313970b513,https://github.com/tensorflow/tensorflow/commit/ffe0051392bfceb528b1f60fcd7f7f313970b513,Test order dependency,,Change assertion,REMOVE,Test only
2,tensorflow,tensorflow,,https://github.com/tensorflow/tensorflow,https://github.com/tensorflow/tensorflow/commit/dad786f9638bc7be6d79e0d4bb087a955d973a6a,https://github.com/tensorflow/tensorflow/commit/dad786f9638bc7be6d79e0d4bb087a955d973a6a,Test order dependency,,Change assertion,REMOVE,Test only
3,tensorflow,tensorflow,,https://github.com/tensorflow/tensorflow,https://github.com/tensorflow/tensorflow/commit/ac1820e8e2ef43d7f67d173ad34d95e9fe07788d,https://github.com/tensorflow/tensorflow/commit/ac1820e8e2ef43d7f67d173ad34d95e9fe07788d,Time,,Make deterministic,REMOVE,Test only
4,kubernetes,kubernetes,,https://github.com/kubernetes/kubernetes,https://github.com/kubernetes/kubernetes/commit/233384d4e4711720e81b9c41302f67ece1a57abb,https://github.com/kubernetes/kubernetes/commit/233384d4e4711720e81b9c41302f67ece1a57abb,Resource leak,,Setup/clean up state,REMOVE,Test only
5,kubernetes,kubernetes,,https://github.com/kubernetes/kubernetes,https://github.com/kubernetes/kubernetes/commit/b933c4643cd4e3fa88f0bd614664c854344c9241,https://github.com/kubernetes/kubernetes/commit/b933c4643cd4e3fa88f0bd614664c854344c9241,Time,,WaitFor,REMOVE,Test only
6,kubernetes,kubernetes,,https://github.com/kubernetes/kubernetes,https://github.com/kubernetes/kubernetes/commit/e8b19be17346d17a690831ccd2f496f90a98ec46,https://github.com/kubernetes/kubernetes/commit/e8b19be17346d17a690831ccd2f496f90a98ec46,Resource leak,,Setup/clean up state,REMOVE,Test only
7,kubernetes,kubernetes,,https://github.com/kubernetes/kubernetes,https://github.com/kubernetes/kubernetes/commit/d36737c817303e525e00e5ada24a7a79c05ebb53,https://github.com/kubernetes/kubernetes/commit/d36737c817303e525e00e5ada24a7a79c05ebb53,Time,,Sleep,DECREASE,Test only
8,kubernetes,kubernetes,,https://github.com/kubernetes/kubernetes,https://github.com/kubernetes/kubernetes/commit/f142852b077596d6e93ad92bab341568a93927ca,https://github.com/kubernetes/kubernetes/commit/f142852b077596d6e93ad92bab341568a93927ca,Network,,Other,REMOVE,Test only
9,kubernetes,kubernetes,,https://github.com/kubernetes/kubernetes,https://github.com/kubernetes/kubernetes/commit/fc7520b32f1287b867377aaee89412482199d14a,https://github.com/kubernetes/kubernetes/commit/fc7520b32f1287b867377aaee89412482199d14a,Time,,WaitFor,REMOVE,Test only
10,apache,spark,,https://github.com/apache/spark,https://github.com/apache/spark/commit/2606f388a282e548c602cc6575b1ab1f1f10561f,https://github.com/apache/spark/commit/2606f388a282e548c602cc6575b1ab1f1f10561f,Time,,Sleep,REMOVE,Test only
11,apache,spark,,https://github.com/apache/spark,https://github.com/apache/spark/commit/97ba9d29cd1ff83755b0d02251d249a625caace5,https://github.com/apache/spark/commit/97ba9d29cd1ff83755b0d02251d249a625caace5,Time,,Sleep,REMOVE,Test only
12,apache,spark,,https://github.com/apache/spark,https://github.com/apache/spark/commit/d314e4bba54a08babad8f8ecd564e7440c0e97f4,https://github.com/apache/spark/commit/d314e4bba54a08babad8f8ecd564e7440c0e97f4,Unordered collections,,Change assertion,REMOVE,Test only
13,apache,spark,,https://github.com/apache/spark,https://github.com/apache/spark/commit/b0aad59f123581b66515c864873f46ea4ec4e762,https://github.com/apache/spark/commit/b0aad59f123581b66515c864873f46ea4ec4e762,Time,,Sleep,REMOVE,Test only
14,apache,spark,,https://github.com/apache/spark,https://github.com/apache/spark/commit/eaed585c55e5f242fdc397e62dbc9e068b033af4,https://github.com/apache/spark/commit/eaed585c55e5f242fdc397e62dbc9e068b033af4,Time,,Sleep,REMOVE,Test only
15,nodejs,node,,https://github.com/nodejs/node,https://github.com/nodejs/node/commit/35c85a2249c006c35ed67ceb7f8514e00e650b54,https://github.com/nodejs/node/commit/35c85a2249c006c35ed67ceb7f8514e00e650b54,Time,,Sleep,REMOVE,Test only
16,nodejs,node,,https://github.com/nodejs/node,https://github.com/nodejs/node/commit/58e1cba200df9c1c70221d67d6038a7e7290b29c,https://github.com/nodejs/node/commit/58e1cba200df9c1c70221d67d6038a7e7290b29c,Test order dependency,,Other,REMOVE,Test only
17,nodejs,node,,https://github.com/nodejs/node,https://github.com/nodejs/node/commit/555aeb3aae3b1b91a1c183c6326fd033f491e103,https://github.com/nodejs/node/commit/555aeb3aae3b1b91a1c183c6326fd033f491e103,Resource leak,,Other,REMOVE,Test only
18,nodejs,node,,https://github.com/nodejs/node,https://github.com/nodejs/node/commit/d7becc58750096b711c55a378a55f596a45f3ce1,https://github.com/nodejs/node/commit/d7becc58750096b711c55a378a55f596a45f3ce1,Resource leak,,Other,REMOVE,Test only
19,nodejs,node,,https://github.com/nodejs/node,https://github.com/nodejs/node/commit/508cd0f275ea99ebbaeb7019fea118f80ed445c8,https://github.com/nodejs/node/commit/508cd0f275ea99ebbaeb7019fea118f80ed445c8,Resource leak,,Other,REMOVE,Test only
20,vercel,next.js,,https://github.com/vercel/next.js,https://github.com/vercel/next.js/commit/3b8ce1a479778dc161fec7c8e9401861deaaf447,https://github.com/vercel/next.js/commit/3b8ce1a479778dc161fec7c8e9401861deaaf447,Async wait,,WaitFor,REMOVE,Test only
21,vercel,next.js,,https://github.com/vercel/next.js,https://github.com/vercel/next.js/commit/2bcb4bd6e85f7037a2998ea66691d3bb60e9a5ce,https://github.com/vercel/next.js/commit/2bcb4bd6e85f7037a2998ea66691d3bb60e9a5ce,Test order dependency,,Setup/clean up state,REMOVE,Test and Configuration
22,django,django,,https://github.com/django/django,https://github.com/django/django/commit/afbb8c709d40e77b3f71c152d363c5ad95ceec2d,https://github.com/django/django/commit/afbb8c709d40e77b3f71c152d363c5ad95ceec2d,Async wait,,WaitFor,REMOVE,Test only
23,tokio-rs,tokio,,https://github.com/tokio-rs/tokio,https://github.com/tokio-rs/tokio/commit/f1d3b065b6c41925f9ac859156eb89043812ae35,https://github.com/tokio-rs/tokio/commit/f1d3b065b6c41925f9ac859156eb89043812ae35,Concurrency,,Make deterministic,REMOVE,Code only
24,kubernetes,kubernetes,,https://github.com/kubernetes/kubernetes,https://github.com/kubernetes/kubernetes/commit/1b7557ecbcd1f417c8d0e408d893f40c84fd5b93,https://github.com/kubernetes/kubernetes/commit/1b7557ecbcd1f417c8d0e408d893f40c84fd5b93,Time,,Remove dependency,REMOVE,Test only
25,kubernetes,kubernetes,,https://github.com/kubernetes/kubernetes,https://github.com/kubernetes/kubernetes/commit/aafb9d4cf8ae52c1ac0bd8ce7f2e5c170a0d1723,https://github.com/kubernetes/kubernetes/commit/aafb9d4cf8ae52c1ac0bd8ce7f2e5c170a0d1723,Async wait,,WaitFor,REMOVE,Test only
26,apache,flink,,https://github.com/apache/flink,https://github.com/apache/flink/commit/e2a2755a0466fec2c7ae7bd3edddf4d6f822a7a0,https://github.com/apache/flink/commit/e2a2755a0466fec2c7ae7bd3edddf4d6f822a7a0,Unordered collections,,Make deterministic,REMOVE,Test and Code
27,apache,flink,,https://github.com/apache/flink,https://github.com/apache/flink/commit/93a34d7560134c21bab029a4a533b89f5cf12fbe,https://github.com/apache/flink/commit/93a34d7560134c21bab029a4a533b89f5cf12fbe,Async wait,,WaitFor,REMOVE,Test and Code
28,django,django,,https://github.com/django/django,https://github.com/django/django/commit/b373721af0e5c3de0986977ac07e3ad55061ecbe,https://github.com/django/django/commit/b373721af0e5c3de0986977ac07e3ad55061ecbe,Time,,Change assertion,REMOVE,Test only
29,vercel,next.js,,https://github.com/vercel/next.js,https://github.com/vercel/next.js/commit/bbe2786b5e3d7968380f15c80595a8191afb4a85,https://github.com/vercel/next.js/commit/bbe2786b5e3d7968380f15c80595a8191afb4a85,Async wait,,WaitFor,REMOVE,Test only
30,vercel,next.js,,https://github.com/vercel/next.js,https://github.com/vercel/next.js/commit/222f7f5b1e42e6107c39895e639e04d53d49da8d,https://github.com/vercel/next.js/commit/222f7f5b1e42e6107c39895e639e04d53d49da8d,Async wait,,WaitFor,REMOVE,Test only
31,apache,flink,,https://github.com/apache/flink,https://github.com/apache/flink/commit/4f7f6a97f799a4a30d1aea57fc0af5d07dc0eeed,https://github.com/apache/flink/commit/4f7f6a97f799a4a30d1aea57fc0af5d07dc0eeed,Async wait,,WaitFor,REMOVE,Test only
32,pytorch,pytorch,,https://github.com/pytorch/pytorch,https://github.com/pytorch/pytorch/pull/162472,https://github.com/pytorch/pytorch/pull/162472,Concurrency,,Make deterministic,REMOVE,Test only
33,pytorch,pytorch,,https://github.com/pytorch/pytorch,https://github.com/pytorch/pytorch/pull/143878,https://github.com/pytorch/pytorch/pull/143878,Test order dependency,,Change condition,REMOVE,Test only
34,pytorch,pytorch,,https://github.com/pytorch/pytorch,https://github.com/pytorch/pytorch/commit/ae2e057d23a1d8b33ff19c2d1f9eabb48facd710,https://github.com/pytorch/pytorch/commit/ae2e057d23a1d8b33ff19c2d1f9eabb48facd710,Resource leak,,Setup/clean up state,REMOVE,Test only
35,pytorch,pytorch,,https://github.com/pytorch/pytorch,https://github.com/pytorch/pytorch/pull/154856,https://github.com/pytorch/pytorch/pull/154856,Floating point operations,,Change assertion,REMOVE,Test only
36,pytorch,pytorch,,https://github.com/pytorch/pytorch,https://github.com/pytorch/pytorch/pull/135370,https://github.com/pytorch/pytorch/pull/135370,Test order dependency,,Setup/clean up state,REMOVE,Test and Configuration
37,pytorch,pytorch,,https://github.com/pytorch/pytorch,https://github.com/pytorch/pytorch/pull/134058,https://github.com/pytorch/pytorch/pull/134058,Test order dependency,,Setup/clean up state,REMOVE,Test only
38,dmlc,xgboost,,https://github.com/dmlc/xgboost,https://github.com/dmlc/xgboost/pull/8244,https://github.com/dmlc/xgboost/pull/8244,Floating point operations,,Change assertion,REMOVE,Test only
39,dmlc,xgboost,,https://github.com/dmlc/xgboost,https://github.com/dmlc/xgboost/pull/7749,https://github.com/dmlc/xgboost/pull/7749,Randomness,,Change condition,DECREASE,Test only
40,nodejs,node,,https://github.com/nodejs/node,https://github.com/nodejs/node/pull/59742,https://github.com/nodejs/node/pull/59742,Network,,Change condition,REMOVE,Test only
41,nodejs,node,,https://github.com/nodejs/node,https://github.com/nodejs/node/commit/3a9aca91c6965cfdce371b4a3454a037995a5706,https://github.com/nodejs/node/commit/3a9aca91c6965cfdce371b4a3454a037995a5706,Resource leak,,Setup/clean up state,REMOVE,Test only
42,nodejs,node,,https://github.com/nodejs/node,https://github.com/nodejs/node/pull/51792,https://github.com/nodejs/node/pull/51792,Async wait,,WaitFor,DECREASE,Test only
43,nodejs,node,,https://github.com/nodejs/node,https://github.com/nodejs/node/commit/560511924f,https://github.com/nodejs/node/commit/560511924f,Async wait,,WaitFor,REMOVE,Test only
44,moby,moby,,https://github.com/moby/moby,https://github.com/moby/moby/commit/28dc2f6,https://github.com/moby/moby/commit/28dc2f6,Time,,Other,DECREASE,Test only
45,apache,pulsar,,https://github.com/apache/pulsar,https://github.com/apache/pulsar/pull/21366,https://github.com/apache/pulsar/pull/21366,Concurrency,,WaitFor,REMOVE,Test only
46,dask,dask,,https://github.com/dask/dask,https://github.com/dask/dask/pull/10943,https://github.com/dask/dask/pull/10943,Time,,Other,REMOVE,Test only
47,dask,distributed,,https://github.com/dask/distributed,https://github.com/dask/distributed/pull/8228,https://github.com/dask/distributed/pull/8228,Async wait,,WaitFor,REMOVE,Test only
48,python-telegram-bot,python-telegram-bot,,https://github.com/python-telegram-bot/python-telegram-bot,https://github.com/python-telegram-bot/python-telegram-bot/pull/4360,https://github.com/python-telegram-bot/python-telegram-bot/pull/4360,Concurrency,,Lock atomic operation,REMOVE,Test only
49,nedbat,coveragepy,,https://github.com/nedbat/coveragepy,https://github.com/nedbat/coveragepy/commit/4d61fff19caa797947d8818d711227ad85a8aed5,https://github.com/nedbat/coveragepy/commit/4d61fff19caa797947d8818d711227ad85a8aed5,Concurrency,,Change condition,REMOVE,Test only
50,googleapis,python-spanner,,https://github.com/googleapis/python-spanner,https://github.com/googleapis/python-spanner/commit/0406ded8b0abcdc93a7a2422247a14260f5c620c,https://github.com/googleapis/python-spanner/commit/0406ded8b0abcdc93a7a2422247a14260f5c620c,Time,,Other,REMOVE,Test only
51,apache,kafka,,https://github.com/apache/kafka,https://github.com/apache/kafka/commit/ac2a642,https://github.com/apache/kafka/commit/ac2a642,Async wait,,WaitFor,REMOVE,Test only
52,apache,arrow-go,,https://github.com/apache/arrow-go,https://github.com/apache/arrow-go/pull/411,https://github.com/apache/arrow-go/pull/411,Resource leak,,Other,REMOVE,Test only
53,django,django,,https://github.com/django/django,https://github.com/django/django/commit/3486311a42728e0c9752bda16ac712797f5a6af9,https://github.com/django/django/commit/3486311a42728e0c9752bda16ac712797f5a6af9,Async wait,,WaitFor,REMOVE,Test only
54,django,django,,https://github.com/django/django,https://github.com/django/django/commit/83be40760a2580db9e5673d111da04f01114aced,https://github.com/django/django/commit/83be40760a2580db9e5673d111da04f01114aced,Async wait,,Sleep,DECREASE,Test only
55,django,django,,https://github.com/django/django,https://github.com/django/django/commit/99d2469e75f1567cbe5ee753563edb68cd51d74a,https://github.com/django/django/commit/99d2469e75f1567cbe5ee753563edb68cd51d74a,Async wait,,WaitFor,DECREASE,Test only
56,django,django,,https://github.com/django/django,https://github.com/django/django/commit/b2cddeaaf448234713f393749ceb1dbe22101f39,https://github.com/django/django/commit/b2cddeaaf448234713f393749ceb1dbe22101f39,Async wait,,WaitFor,DECREASE,Test only
57,keras-team,keras,,https://github.com/keras-team/keras,https://github.com/keras-team/keras/commit/962cc5bb4de9d385509fcd096d345caa4f8d2d54,https://github.com/keras-team/keras/commit/962cc5bb4de9d385509fcd096d345caa4f8d2d54,Randomness,,Other,DECREASE,Test only
58,getsentry,sentry,,https://github.com/getsentry/sentry,https://github.com/getsentry/sentry/commit/132590b2ecda6006725db947d748428f0ab10c04,https://github.com/getsentry/sentry/commit/132590b2ecda6006725db947d748428f0ab10c04,Async wait,,WaitFor,REMOVE,Test and Code
59,getsentry,sentry,,https://github.com/getsentry/sentry,https://github.com/getsentry/sentry/commit/44b986805eff68bcce395a3a9055eb9d167bf8f0,https://github.com/getsentry/sentry/commit/44b986805eff68bcce395a3a9055eb9d167bf8f0,Async wait,,WaitFor,REMOVE,Test only
60,tornadoweb,tornado,,https://github.com/tornadoweb/tornado,https://github.com/tornadoweb/tornado/commit/0207ec2b2d1702679284f295e2bce520f1fee8f1,https://github.com/tornadoweb/tornado/commit/0207ec2b2d1702679284f295e2bce520f1fee8f1,Async wait,,WaitFor,DECREASE,Test only
61,pandas-dev,pandas,,https://github.com/pandas-dev/pandas,https://github.com/pandas-dev/pandas/commit/3552dc0c4533a5eafafe859f5afd29a7ce063e03,https://github.com/pandas-dev/pandas/commit/3552dc0c4533a5eafafe859f5afd29a7ce063e03,Time,,Other,REMOVE,Test only
62,pandas-dev,pandas,,https://github.com/pandas-dev/pandas,https://github.com/pandas-dev/pandas/commit/11e2cb77534c8dac6dc6968dc5223baef94164b6,https://github.com/pandas-dev/pandas/commit/11e2cb77534c8dac6dc6968dc5223baef94164b6,Async wait,,WaitFor,DECREASE,Test only
63,web-platform-tests,wpt,,https://github.com/web-platform-tests/wpt,https://github.com/web-platform-tests/wpt/commit/9a2d353a86eb2c4963b17d408a7f31eb69625cb8,https://github.com/web-platform-tests/wpt/commit/9a2d353a86eb2c4963b17d408a7f31eb69625cb8,Async wait,,WaitFor,REMOVE,Code only
64,ansible,ansible,,https://github.com/ansible/ansible,https://github.com/ansible/ansible/commit/869cd6f72953b72b15fd996ce8d510e896fcc73c,https://github.com/ansible/ansible/commit/869cd6f72953b72b15fd996ce8d510e896fcc73c,Async wait,,WaitFor,DECREASE,Configuration
65,pandas-dev,pandas,,https://github.com/pandas-dev/pandas,https://github.com/pandas-dev/pandas/pull/14638,https://github.com/pandas-dev/pandas/pull/14638,Time,,Other,DECREASE,Test only
66,pandas-dev,pandas,,https://github.com/pandas-dev/pandas,https://github.com/pandas-dev/pandas/pull/14851,https://github.com/pandas-dev/pandas/pull/14851,OS,,Other,REMOVE,Test only
67,apache,superset,,https://github.com/apache/superset,https://github.com/apache/superset/pull/17782,https://github.com/apache/superset/pull/17782,Resource leak,,Other,REMOVE,Test and Configuration
68,astral-sh,uv,,https://github.com/astral-sh/uv,https://github.com/astral-sh/uv/pull/1144,https://github.com/astral-sh/uv/pull/1144,Network,,Remove dependency,REMOVE,Test and Configuration
69,tornadoweb,tornado,,https://github.com/tornadoweb/tornado,https://github.com/tornadoweb/tornado/commit/0207ec2b2d1702679284f295e2bce520f1fee8f1,https://github.com/tornadoweb/tornado/commit/0207ec2b2d1702679284f295e2bce520f1fee8f1,Async wait,,Sleep,DECREASE,Test only
70,tornadoweb,tornado,,https://github.com/tornadoweb/tornado,https://github.com/tornadoweb/tornado/pull/3312,https://github.com/tornadoweb/tornado/pull/3312,Concurrency,,WaitFor,DECREASE,Test only
71,risingwavelabs,risingwave,,https://github.com/risingwavelabs/risingwave,https://github.com/risingwavelabs/risingwave/pull/22874,https://github.com/risingwavelabs/risingwave/pull/22874,Floating point operations,,Change assertion,REMOVE,Test only
72,microsoft,vscode,,https://github.com/microsoft/vscode,https://github.com/microsoft/vscode/pull/238537,https://github.com/microsoft/vscode/pull/238537,Async wait,,WaitFor,DECREASE,Test only
73,microsoft,vscode,,https://github.com/microsoft/vscode,https://github.com/microsoft/vscode/pull/244763,https://github.com/microsoft/vscode/pull/244763,Randomness,,Other,DECREASE,Test only
74,microsoft,vscode,,https://github.com/microsoft/vscode,https://github.com/microsoft/vscode/pull/238364,https://github.com/microsoft/vscode/pull/238364,Network,,Other,DECREASE,Test only
75,ansible,ansible,,https://github.com/ansible/ansible,https://github.com/ansible/ansible/commit/869cd6f72953b72b15fd996ce8d510e896fcc73c,https://github.com/ansible/ansible/commit/869cd6f72953b72b15fd996ce8d510e896fcc73c,Async wait,,WaitFor,DECREASE,Configuration
76,ansible,ansible,,https://github.com/ansible/ansible,https://github.com/ansible/ansible/pull/82407,https://github.com/ansible/ansible/pull/82407,Async wait,,Sleep,DECREASE,Configuration
77,spring-projects,spring-boot,,https://github.com/spring-projects/spring-boot,https://github.com/spring-projects/spring-boot/pull/25810/commits,https://github.com/spring-projects/spring-boot/pull/25810/commits,Async wait,,WaitFor,ACCEPT,Test only
78,spring-projects,spring-boot,,https://github.com/spring-projects/spring-boot,https://github.com/spring-projects/spring-boot/pull/46685/commits,https://github.com/spring-projects/spring-boot/pull/46685/commits,Concurrency,,Lock atomic operation,ACCEPT,Test and Code
79,spring-projects,spring-boot,,https://github.com/spring-projects/spring-boot,https://github.com/spring-projects/spring-boot/pull/30514/commits,https://github.com/spring-projects/spring-boot/pull/30514/commits,Unordered collections,,Make deterministic,ACCEPT,Test and Configuration
80,spring-projects,spring-boot,,https://github.com/spring-projects/spring-boot,https://github.com/spring-projects/spring-boot/pull/21988/commits,https://github.com/spring-projects/spring-boot/pull/21988/commits,Async wait,,WaitFor,ACCEPT,Test only
81,langchain4j,langchain4j,,https://github.com/langchain4j/langchain4j,https://github.com/langchain4j/langchain4j/pull/3097/commits,https://github.com/langchain4j/langchain4j/pull/3097/commits,Time,,Change condition,ACCEPT,Test and Configuration
82,pytorch,pytorch,,https://github.com/pytorch/pytorch,https://github.com/pytorch/pytorch/pull/162472/commits,https://github.com/pytorch/pytorch/pull/162472/commits,Concurrency,,Change condition,ACCEPT,Test only
83,pallets,flask,,https://github.com/pallets/flask,https://github.com/pallets/flask/pull/4293/commits,https://github.com/pallets/flask/pull/4293/commits,Concurrency,,Lock atomic region,ACCEPT,Test only
84,pandas-dev,pandas,,https://github.com/pandas-dev/pandas,https://github.com/pandas-dev/pandas/pull/53754/commits,https://github.com/pandas-dev/pandas/pull/53754/commits,Randomness,,Make deterministic,ACCEPT,Test only
85,matplotlib,matplotlib,,https://github.com/matplotlib/matplotlib,https://github.com/matplotlib/matplotlib/pull/30497/commits,https://github.com/matplotlib/matplotlib/pull/30497/commits,I/O,,Change assertion,ACCEPT,Test only
86,matplotlib,matplotlib,,https://github.com/matplotlib/matplotlib,https://github.com/matplotlib/matplotlib/pull/28858/commits,https://github.com/matplotlib/matplotlib/pull/28858/commits,Randomness,,Change condition,ACCEPT,Test only
87,mono,mono,,https://github.com/mono/mono,https://github.com/mono/mono/pull/18760/commits,https://github.com/mono/mono/pull/18760/commits,Concurrency,,Make structure thread local,ACCEPT,Test only
88,umbraco,Umbraco-CMS,,https://github.com/umbraco/Umbraco-CMS,https://github.com/umbraco/Umbraco-CMS/pull/18451/commits,https://github.com/umbraco/Umbraco-CMS/pull/18451/commits,Async wait,,WaitFor,ACCEPT,Test and Configuration
89,signalfx,splunk-otel-java,,https://github.com/signalfx/splunk-otel-java,https://github.com/signalfx/splunk-otel-java/pull/2438,https://github.com/signalfx/splunk-otel-java/pull/2438,Async wait,,WaitFor,REMOVE,Test only
90,open-metadata,OpenMetadata,,https://github.com/open-metadata/OpenMetadata,https://github.com/open-metadata/OpenMetadata/pull/23212,https://github.com/open-metadata/OpenMetadata/pull/23212,Async wait,,WaitFor,REMOVE,Test only
91,UiPath,CoreWF,,https://github.com/UiPath/CoreWF,https://github.com/UiPath/CoreWF/commit/5fefd464cbd4afaedb27bf3d259dfc995086faa7,https://github.com/UiPath/CoreWF/commit/5fefd464cbd4afaedb27bf3d259dfc995086faa7,Async wait,,WaitFor,ACCEPT,Test only
92,tensorzero,tensorzero,,https://github.com/tensorzero/tensorzero,https://github.com/tensorzero/tensorzero/commit/248a2d1f8cd50a8593e757721c4720903f9180d5,https://github.com/tensorzero/tensorzero/commit/248a2d1f8cd50a8593e757721c4720903f9180d5,Async wait,,Change assertion,REMOVE,Test only
93,speakeasy-api,openapi,,https://github.com/speakeasy-api/openapi,https://github.com/speakeasy-api/openapi/commit/4ee41f6c189c53787c71265d24d1eb740abd795f,https://github.com/speakeasy-api/openapi/commit/4ee41f6c189c53787c71265d24d1eb740abd795f,Concurrency,,Lock atomic region,REMOVE,Test only
94,ravendb,ravendb,,https://github.com/ravendb/ravendb,https://github.com/ravendb/ravendb/commit/4223f2492229b0dfb1b5ac4b334ce72834308f4e,https://github.com/ravendb/ravendb/commit/4223f2492229b0dfb1b5ac4b334ce72834308f4e,Randomness,,Change condition,DECREASE,Test only
95,quarkusio,quarkus,,https://github.com/quarkusio/quarkus,https://github.com/quarkusio/quarkus/commit/b980531768f6bf08213a504b30e325ffe23e98ba,https://github.com/quarkusio/quarkus/commit/b980531768f6bf08213a504b30e325ffe23e98ba,Concurrency,,Lock atomic region,REMOVE,Test only
96,elastic,elasticsearch,,https://github.com/elastic/elasticsearch,https://github.com/elastic/elasticsearch/commit/a130929f2535139865ecde536e8b1db1e2539924,https://github.com/elastic/elasticsearch/commit/a130929f2535139865ecde536e8b1db1e2539924,Randomness,,Make deterministic,REMOVE,Test and Code
97,spree,spree,,https://github.com/spree/spree,https://github.com/spree/spree/commit/b05ffbcc1f6497b95eeaab52ec5633e5396d9a73,https://github.com/spree/spree/commit/b05ffbcc1f6497b95eeaab52ec5633e5396d9a73,Time,,Change assertion,REMOVE,Test only
98,stamhoofd,stamhoofd,,https://github.com/stamhoofd/stamhoofd,https://github.com/stamhoofd/stamhoofd/commit/384cc253a780958e5bfafdb684ee6bc77c9b451b,https://github.com/stamhoofd/stamhoofd/commit/384cc253a780958e5bfafdb684ee6bc77c9b451b,Time,,Make deterministic,REMOVE,Test only
99,jupyter,notebook,,https://github.com/jupyter/notebook,https://github.com/jupyter/notebook/pull/7278,https://github.com/jupyter/notebook/pull/7278,Async wait,,WaitFor,ACCEPT,Test only
100,apache,airflow,,https://github.com/apache/airflow,https://github.com/apache/airflow/pull/54001,https://github.com/apache/airflow/pull/54001,Test order dependency,,Setup/clean up state,ACCEPT,Test only
101,apache,dubbo,,https://github.com/apache/dubbo,https://github.com/apache/dubbo/pull/8401,https://github.com/apache/dubbo/pull/8401,Test order dependency,,Setup/clean up state,ACCEPT,Test only
102,apache,nifi,,https://github.com/apache/nifi,https://github.com/apache/nifi/pull/6748,https://github.com/apache/nifi/pull/6748,Unordered collections,,Other,ACCEPT,Test and Code
103,kiegroup,jbpm,,https://github.com/kiegroup/jbpm,https://github.com/kiegroup/jbpm/pull/2021,https://github.com/kiegroup/jbpm/pull/2021,Time,,Other,ACCEPT,Test only
104,apache,maven-surefire,,https://github.com/apache/maven-surefire,https://github.com/apache/maven-surefire/pull/309,https://github.com/apache/maven-surefire/pull/309,Randomness,,Other,ACCEPT,Test and Code
105,apache,fory,,https://github.com/apache/fory,https://github.com/apache/fory/pull/1968,https://github.com/apache/fory/pull/1968,Unordered collections,,Other,ACCEPT,Test only
106,apache,arrow-rs,,https://github.com/apache/arrow-rs,https://github.com/apache/arrow-rs/pull/5645,https://github.com/apache/arrow-rs/pull/5645,Async wait,,WaitFor,ACCEPT,Test only
107,apache,kafka,,https://github.com/apache/kafka,https://github.com/apache/kafka/pull/20225,https://github.com/apache/kafka/pull/20225,Unordered collections,,Other,ACCEPT,Test and Code
108,apache,unomi,,https://github.com/apache/unomi,https://github.com/apache/unomi/pull/626,https://github.com/apache/unomi/pull/626,Async wait,,WaitFor,ACCEPT,Test only
109,apache,airflow,,https://github.com/apache/airflow,https://github.com/apache/airflow/pull/55624,https://github.com/apache/airflow/pull/55624,Async wait,,WaitFor,ACCEPT,Test only
110,pulumi,pulumi,,https://github.com/pulumi/pulumi,https://github.com/pulumi/pulumi/pull/20407,https://github.com/pulumi/pulumi/pull/20407,Unordered collections,,Other,ACCEPT,Test only
111,line,armeria,,https://github.com/line/armeria,https://github.com/line/armeria/pull/6382,https://github.com/line/armeria/pull/6382,Concurrency,,Change assertion,REMOVE,Test only
112,unboxed,bops,,https://github.com/unboxed/bops,https://github.com/unboxed/bops/pull/2529,https://github.com/unboxed/bops/pull/2529,Concurrency,,Change assertion,REMOVE,Test only
113,dockstore,dockstore-ui2,,https://github.com/dockstore/dockstore-ui2,https://github.com/dockstore/dockstore-ui2/pull/2053,https://github.com/dockstore/dockstore-ui2/pull/2053,Async wait,,WaitFor,REMOVE,Test only
114,emqx,emqx,,https://github.com/emqx/emqx,https://github.com/emqx/emqx/pull/15837,https://github.com/emqx/emqx/pull/15837,Concurrency,,Make deterministic,REMOVE,Test only
115,apache,cassandra-gocql-driver,,https://github.com/apache/cassandra-gocql-driver,https://github.com/apache/cassandra-gocql-driver/pull/1558,https://github.com/apache/cassandra-gocql-driver/pull/1558,Test order dependency,,Change assertion,ACCEPT,Test only
116,calcom,cal.com,,https://github.com/calcom/cal.com,https://github.com/calcom/cal.com/pull/23668,https://github.com/calcom/cal.com/pull/23668,Time,,Change assertion,DECREASE,Test only
117,ReachFive,identity-web-ui-sdk,,https://github.com/ReachFive/identity-web-ui-sdk,https://github.com/ReachFive/identity-web-ui-sdk/pull/259,https://github.com/ReachFive/identity-web-ui-sdk/pull/259,Concurrency,,Make deterministic,REMOVE,Test only
118,ministryofjustice,laa-court-data-ui-e2e-tests,,https://github.com/ministryofjustice/laa-court-data-ui-e2e-tests,https://github.com/ministryofjustice/laa-court-data-ui-e2e-tests/pull/16,https://github.com/ministryofjustice/laa-court-data-ui-e2e-tests/pull/16,Async wait,,WaitFor,REMOVE,Test only
119,fluent,fluent-logger-java,,https://github.com/fluent/fluent-logger-java,https://github.com/fluent/fluent-logger-java/pull/102,https://github.com/fluent/fluent-logger-java/pull/102,Concurrency,,WaitFor,DECREASE,Test only
120,emqx,paho.mqtt.testing,,https://github.com/emqx/paho.mqtt.testing,https://github.com/emqx/paho.mqtt.testing/pull/8,https://github.com/emqx/paho.mqtt.testing/pull/8,Network,,Setup/clean up state,DECREASE,Test only
121,microsoft,vscode,,https://github.com/microsoft/vscode,https://github.com/microsoft/vscode/pull/248230,https://github.com/microsoft/vscode/pull/248230,Randomness,,Make deterministic,REMOVE,Test only
122,microsoft,vscode,,https://github.com/microsoft/vscode,https://github.com/microsoft/vscode/pull/238537,https://github.com/microsoft/vscode/pull/238537,Async wait,,WaitFor,DECREASE,Test only
123,microsoft,vscode,,https://github.com/microsoft/vscode,https://github.com/microsoft/vscode/pull/224414,https://github.com/microsoft/vscode/pull/224414,I/O,,Other,REMOVE,Test only
124,microsoft,vscode,,https://github.com/microsoft/vscode,https://github.com/microsoft/vscode/pull/94788,https://github.com/microsoft/vscode/pull/94788,Randomness,,WaitFor,REMOVE,Test only
125,invertase,melos,,https://github.com/invertase/melos,https://github.com/invertase/melos/pull/677,https://github.com/invertase/melos/pull/677,I/O,,Other,DECREASE,Test only
126,golang,go,,https://github.com/golang/go,https://github.com/golang/go/pull/36733,https://github.com/golang/go/pull/36733,I/O,,Other,REMOVE,Test only
127,microsoft,PowerToys,,https://github.com/microsoft/PowerToys,https://github.com/microsoft/PowerToys/pull/40390,https://github.com/microsoft/PowerToys/pull/40390,Concurrency,,Setup/clean up state,REMOVE,Test only
128,microsoft,PowerToys,,https://github.com/microsoft/PowerToys,https://github.com/microsoft/PowerToys/pull/29749,https://github.com/microsoft/PowerToys/pull/29749,Concurrency,,Sleep,DECREASE,Test only
129,microsoft,PowerToys,,https://github.com/microsoft/PowerToys,https://github.com/microsoft/PowerToys/pull/29760,https://github.com/microsoft/PowerToys/pull/29760,Async wait,,WaitFor,DECREASE,Test only
130,microsoft,PowerToys,,https://github.com/microsoft/PowerToys,https://github.com/microsoft/PowerToys/pull/18731,https://github.com/microsoft/PowerToys/pull/18731,I/O,,Other,REMOVE,Test only
131,microsoft,PowerToys,,https://github.com/microsoft/PowerToys,https://github.com/microsoft/PowerToys/pull/13248,https://github.com/microsoft/PowerToys/pull/13248,I/O,,Other,REMOVE,Test only
132,apache,spark,,https://github.com/apache/spark,https://github.com/apache/spark/pull/52248,https://github.com/apache/spark/pull/52248,Concurrency,,Change assertion,REMOVE,Test only
133,apache,spark,,https://github.com/apache/spark,https://github.com/apache/spark/pull/52264,https://github.com/apache/spark/pull/52264,Async wait,,WaitFor,REMOVE,Test only
134,apache,spark,,https://github.com/apache/spark,https://github.com/apache/spark/pull/49203,https://github.com/apache/spark/pull/49203,Concurrency,,Make deterministic,REMOVE,Test only
135,apache,spark,,https://github.com/apache/spark,https://github.com/apache/spark/pull/47994,https://github.com/apache/spark/pull/47994,Async wait,,WaitFor,DECREASE,Test only
136,apache,spark,,https://github.com/apache/spark,https://github.com/apache/spark/pull/47205,https://github.com/apache/spark/pull/47205,Async wait,,WaitFor,DECREASE,Test only
137,apache,kafka,,https://github.com/apache/kafka,https://github.com/apache/kafka/pull/20419,https://github.com/apache/kafka/pull/20419,Test order dependency,,Setup/clean up state,REMOVE,Test only
138,apache,kafka,,https://github.com/apache/kafka,https://github.com/apache/kafka/pull/20225,https://github.com/apache/kafka/pull/20225,Unordered collections,,Make deterministic,REMOVE,Test and Code
139,apache,kafka,,https://github.com/apache/kafka,https://github.com/apache/kafka/pull/19628,https://github.com/apache/kafka/pull/19628,Async wait,,WaitFor,REMOVE,Test only
140,apache,kafka,,https://github.com/apache/kafka,https://github.com/apache/kafka/pull/19601,https://github.com/apache/kafka/pull/19601,Unordered collections,,Change assertion,REMOVE,Test only
141,apache,airflow,,https://github.com/apache/airflow,https://github.com/apache/airflow/pull/54001,https://github.com/apache/airflow/pull/54001,Test order dependency,,Setup/clean up state,REMOVE,Test only
142,apache,airflow,,https://github.com/apache/airflow,https://github.com/apache/airflow/pull/54641,https://github.com/apache/airflow/pull/54641,Time,,Make deterministic,REMOVE,Test only
143,apache,airflow,,https://github.com/apache/airflow,https://github.com/apache/airflow/pull/25231,https://github.com/apache/airflow/pull/25231,Unordered collections,,Make deterministic,REMOVE,Test only
144,pytorch,pytorch,,https://github.com/pytorch/pytorch,https://github.com/pytorch/pytorch/commit/4979ca5,https://github.com/pytorch/pytorch/commit/4979ca5,Async wait,,WaitFor,REMOVE,Test only
145,pytorch,pytorch,,https://github.com/pytorch/pytorch,https://github.com/pytorch/pytorch/commit/e40e4d3,https://github.com/pytorch/pytorch/commit/e40e4d3,Time,,Make deterministic,REMOVE,Test only
146,pytorch,pytorch,,https://github.com/pytorch/pytorch,https://github.com/pytorch/pytorch/commit/2af7c67,https://github.com/pytorch/pytorch/commit/2af7c67,Concurrency,,Reorder execution,DECREASE,Test only
147,llvm,llvm-project,,https://github.com/llvm/llvm-project,https://github.com/llvm/llvm-project/pull/108226,https://github.com/llvm/llvm-project/pull/108226,Async wait,,WaitFor,REMOVE,Test only
148,llvm,llvm-project,,https://github.com/llvm/llvm-project,https://github.com/llvm/llvm-project/commit/fe5c47c,https://github.com/llvm/llvm-project/commit/fe5c47c,I/O,,Remove dependency,REMOVE,Test only
149,llvm,llvm-project,,https://github.com/llvm/llvm-project,https://github.com/llvm/llvm-project/commit/93b4705,https://github.com/llvm/llvm-project/commit/93b4705,OS,,Make deterministic,REMOVE,Code only
150,llvm,llvm-project,,https://github.com/llvm/llvm-project,https://github.com/llvm/llvm-project/commit/bb90e2e,https://github.com/llvm/llvm-project/commit/bb90e2e,Time,,Make deterministic,REMOVE,Test only
151,llvm,llvm-project,,https://github.com/llvm/llvm-project,https://github.com/llvm/llvm-project/commit/4c23625,https://github.com/llvm/llvm-project/commit/4c23625,Concurrency,,Make deterministic,REMOVE,Test only
152,tensorflow,tensorflow,,https://github.com/tensorflow/tensorflow,https://github.com/tensorflow/tensorflow/commit/53436d1,https://github.com/tensorflow/tensorflow/commit/53436d1,Unordered collections,,Make deterministic,REMOVE,Code only
153,kubernetes,kubernetes,,https://github.com/kubernetes/kubernetes,https://github.com/kubernetes/kubernetes/commit/83273e2,https://github.com/kubernetes/kubernetes/commit/83273e2,Time,,Make deterministic,REMOVE,Test only
154,kubernetes,kubernetes,,https://github.com/kubernetes/kubernetes,https://github.com/kubernetes/kubernetes/commit/76ab726,https://github.com/kubernetes/kubernetes/commit/76ab726,Unordered collections,,Make deterministic,REMOVE,Test only
155,kubernetes,kubernetes,,https://github.com/kubernetes/kubernetes,https://github.com/kubernetes/kubernetes/commit/a76d7e2,https://github.com/kubernetes/kubernetes/commit/a76d7e2,Concurrency,,Lock atomic region,REMOVE,Test only
156,emqx,emqx,,https://github.com/emqx/emqx,https://github.com/emqx/emqx/pull/15870,https://github.com/emqx/emqx/pull/15870,Test order dependency,,Sleep,REMOVE,Test only
157,emqx,emqx,,https://github.com/emqx/emqx,https://github.com/emqx/emqx/pull/15847,https://github.com/emqx/emqx/pull/15847,Unordered collections,,Change assertion,REMOVE,Test only
158,emqx,emqx,,https://github.com/emqx/emqx,https://github.com/emqx/emqx/pull/6120,https://github.com/emqx/emqx/pull/6120,Async wait,,WaitFor,REMOVE,Test only
159,redis,jedis,,https://github.com/redis/jedis,https://github.com/redis/jedis/pull/4206,https://github.com/redis/jedis/pull/4206,Resource leak,,Change assertion,REMOVE,Test only
160,redis,jedis,,https://github.com/redis/jedis,https://github.com/redis/jedis/pull/4138,https://github.com/redis/jedis/pull/4138,Async wait,,WaitFor,REMOVE,Test only
161,redis,jedis,,https://github.com/redis/jedis,https://github.com/redis/jedis/pull/3972,https://github.com/redis/jedis/pull/3972,Async wait,,WaitFor,REMOVE,Test only
162,redis,jedis,,https://github.com/redis/jedis,https://github.com/redis/jedis/pull/3617,https://github.com/redis/jedis/pull/3617,Unordered collections,,Change assertion,REMOVE,Test only
163,getsentry,sentry-python,,https://github.com/getsentry/sentry-python,https://github.com/getsentry/sentry-python/pull/4052,https://github.com/getsentry/sentry-python/pull/4052,Async wait,,Sleep,REMOVE,Test only
164,getsentry,sentry-python,,https://github.com/getsentry/sentry-python,https://github.com/getsentry/sentry-python/pull/4165,https://github.com/getsentry/sentry-python/pull/4165,Network,,Make deterministic,REMOVE,Test only
165,getsentry,sentry-python,,https://github.com/getsentry/sentry-python,https://github.com/getsentry/sentry-python/pull/4593,https://github.com/getsentry/sentry-python/pull/4593,Randomness,,Remove dependency,REMOVE,Test only
166,getsentry,sentry-python,,https://github.com/getsentry/sentry-python,https://github.com/getsentry/sentry-python/pull/4198,https://github.com/getsentry/sentry-python/pull/4198,OS,,Skip,REMOVE,Test only
167,ollama,ollama,,https://github.com/ollama/ollama,https://github.com/ollama/ollama/pull/5804/files,https://github.com/ollama/ollama/pull/5804/files,Async wait,,Sleep,DECREASE,Test only
168,gohugoio,hugo,,https://github.com/gohugoio/hugo,https://github.com/gohugoio/hugo/pull/10356/files,https://github.com/gohugoio/hugo/pull/10356/files,Async wait,,WaitFor,REMOVE,Test only
169,syncthing,syncthing,,https://github.com/syncthing/syncthing,https://github.com/syncthing/syncthing/pull/6152/files,https://github.com/syncthing/syncthing/pull/6152/files,Time,,Change condition,DECREASE,Test only
170,syncthing,syncthing,,https://github.com/syncthing/syncthing,https://github.com/syncthing/syncthing/pull/6138/files,https://github.com/syncthing/syncthing/pull/6138/files,Concurrency,,Change condition,ACCEPT,Test only
171,prometheus,prometheus,,https://github.com/prometheus/prometheus,https://github.com/prometheus/prometheus/pull/16335/files,https://github.com/prometheus/prometheus/pull/16335/files,Concurrency,,Lock atomic region,REMOVE,Test and Code
172,vllm-project,vllm,,https://github.com/vllm-project/vllm,https://github.com/vllm-project/vllm/pull/23028/files,https://github.com/vllm-project/vllm/pull/23028/files,Time,,Change condition,DECREASE,Test only
173,vllm-project,vllm,,https://github.com/vllm-project/vllm,https://github.com/vllm-project/vllm/pull/22670/files,https://github.com/vllm-project/vllm/pull/22670/files,Time,,Change condition,DECREASE,Test only
174,docker,compose,,https://github.com/docker/compose,https://github.com/docker/compose/pull/11739/files,https://github.com/docker/compose/pull/11739/files,Test order dependency,,Make deterministic,REMOVE,Test and Configuration
175,hashicorp,terraform,,https://github.com/hashicorp/terraform,https://github.com/hashicorp/terraform/pull/36566/files,https://github.com/hashicorp/terraform/pull/36566/files,Concurrency,,Change assertion,REMOVE,Test only
176,vllm-project,vllm,,https://github.com/vllm-project/vllm,https://github.com/vllm-project/vllm/pull/22038/files,https://github.com/vllm-project/vllm/pull/22038/files,Concurrency,,Make deterministic,REMOVE,Test only
177,akolarkunnu,OpenSearch,,https://github.com/akolarkunnu/OpenSearch,https://github.com/akolarkunnu/OpenSearch/commit/d2df8ba5f6a600e9165e73da75921c6435eaa9e2,https://github.com/akolarkunnu/OpenSearch/commit/d2df8ba5f6a600e9165e73da75921c6435eaa9e2,Unordered collections,,Change assertion,REMOVE,Test only
178,apache,lucene,,https://github.com/apache/lucene,https://github.com/apache/lucene/pull/14562,https://github.com/apache/lucene/pull/14562,Concurrency,,Change condition,REMOVE,Test only
179,jaegertracing,jaeger-ui,,https://github.com/jaegertracing/jaeger-ui,https://github.com/jaegertracing/jaeger-ui/commit/f559122,https://github.com/jaegertracing/jaeger-ui/commit/f559122,Randomness,,Make deterministic,REMOVE,Test only
180,apache,airflow,,https://github.com/apache/airflow,https://github.com/apache/airflow/pull/33309,https://github.com/apache/airflow/pull/33309,Concurrency,,Lock atomic region,REMOVE,Test and Code
181,crenshaw-dev,argo-cd,,https://github.com/crenshaw-dev/argo-cd,https://github.com/crenshaw-dev/argo-cd/commit/f3c56a5b68847d82e6b19c381707a0dc777a70a9,https://github.com/crenshaw-dev/argo-cd/commit/f3c56a5b68847d82e6b19c381707a0dc777a70a9,Unordered collections,,Make deterministic,REMOVE,Code only
182,apache,pulsar,,https://github.com/apache/pulsar,https://github.com/apache/pulsar/commit/465281cd5e7017e2d6b70c3b7ff917a53241bb66,https://github.com/apache/pulsar/commit/465281cd5e7017e2d6b70c3b7ff917a53241bb66,Resource leak,,Setup/clean up state,REMOVE,Test only
183,gristlabs,grist-core,,https://github.com/gristlabs/grist-core,https://github.com/gristlabs/grist-core/commit/3772959,https://github.com/gristlabs/grist-core/commit/3772959,Async wait,,WaitFor,REMOVE,Test only
184,keycloak,keycloak,,https://github.com/keycloak/keycloak,https://github.com/keycloak/keycloak/commit/d5ed9babf0b1ab0217b025db3d15527ec93bfd45,https://github.com/keycloak/keycloak/commit/d5ed9babf0b1ab0217b025db3d15527ec93bfd45,I/O,,Make deterministic,REMOVE,Test only
185,apache,iceberg,,https://github.com/apache/iceberg,https://github.com/apache/iceberg/commit/a5f6f449b31dc5cf3da2d8e5e192250b2008f1a5,https://github.com/apache/iceberg/commit/a5f6f449b31dc5cf3da2d8e5e192250b2008f1a5,Async wait,,Make deterministic,REMOVE,Test only
186,apache,kafka,,https://github.com/apache/kafka,https://github.com/apache/kafka/commit/0412be9e9de9b32ac83d7f00945f73c06776a7f3,https://github.com/apache/kafka/commit/0412be9e9de9b32ac83d7f00945f73c06776a7f3,Resource leak,,Setup/clean up state,REMOVE,Test only
187,envoyproxy,envoy,,https://github.com/envoyproxy/envoy,https://github.com/envoyproxy/envoy/pull/29616,https://github.com/envoyproxy/envoy/pull/29616,Async wait,,Other,ACCEPT,Test and Code
188,envoyproxy,envoy,,https://github.com/envoyproxy/envoy,https://github.com/envoyproxy/envoy/pull/40346,https://github.com/envoyproxy/envoy/pull/40346,Time,,Other,ACCEPT,Configuration
189,envoyproxy,envoy,,https://github.com/envoyproxy/envoy,https://github.com/envoyproxy/envoy/pull/35633,https://github.com/envoyproxy/envoy/pull/35633,Resource leak,,Setup/clean up state,ACCEPT,Test only
190,envoyproxy,envoy,,https://github.com/envoyproxy/envoy,https://github.com/envoyproxy/envoy/pull/39794,https://github.com/envoyproxy/envoy/pull/39794,Async wait,,WaitFor,ACCEPT,Test only
191,square,okhttp,,https://github.com/square/okhttp,https://github.com/square/okhttp/pull/5800,https://github.com/square/okhttp/pull/5800,Async wait,,Other,DECREASE,Test only
192,square,okhttp,,https://github.com/square/okhttp,https://github.com/square/okhttp/pull/8207,https://github.com/square/okhttp/pull/8207,Concurrency,,Make deterministic,DECREASE,Test only
193,square,okhttp,,https://github.com/square/okhttp,https://github.com/square/okhttp/commit/5e8011ad1a6216cee325fc316c7bb4decf15a471,https://github.com/square/okhttp/commit/5e8011ad1a6216cee325fc316c7bb4decf15a471,Async wait,,WaitFor,DECREASE,Test only
194,getsentry,sentry-python,,https://github.com/getsentry/sentry-python,https://github.com/getsentry/sentry-python/pull/4278,https://github.com/getsentry/sentry-python/pull/4278,Test order dependency,,Setup/clean up state,ACCEPT,Test only
195,getsentry,sentry-python,,https://github.com/getsentry/sentry-python,https://github.com/getsentry/sentry-python/commit/fd224946e084ad6bf6e55d6c4216cb8399e15c7e,https://github.com/getsentry/sentry-python/commit/fd224946e084ad6bf6e55d6c4216cb8399e15c7e,OS,,Other,ACCEPT,Test only
196,getsentry,sentry-python,,https://github.com/getsentry/sentry-python,https://github.com/getsentry/sentry-python/commit/8588dbeb023a124c6f8c35b66391a7d8caa8bf35,https://github.com/getsentry/sentry-python/commit/8588dbeb023a124c6f8c35b66391a7d8caa8bf35,Concurrency,,Reorder execution,ACCEPT,Test only
197,soundcloud,airflow,,https://github.com/soundcloud/airflow,https://github.com/soundcloud/airflow/commit/d06d3165ff7df8ceeb52f8f18154f5f27d83355b,https://github.com/soundcloud/airflow/commit/d06d3165ff7df8ceeb52f8f18154f5f27d83355b,Time,,Make deterministic,REMOVE,Test only
198,truenas,os,,https://github.com/truenas/os,https://github.com/truenas/os/commit/99a7fa92687f38bdc9798e2f79fc911ca06a8cdb,https://github.com/truenas/os/commit/99a7fa92687f38bdc9798e2f79fc911ca06a8cdb,OS,,Make deterministic,REMOVE,Test only
199,Automattic,mongoose,,https://github.com/Automattic/mongoose,https://github.com/Automattic/mongoose/commit/aedd29e1790de360eddfdd1a335a0b4f24e8c2d9,https://github.com/Automattic/mongoose/commit/aedd29e1790de360eddfdd1a335a0b4f24e8c2d9,Time,,Sleep,DECREASE,Test only
200,antiwork,gumroad,,https://github.com/antiwork/gumroad,https://github.com/antiwork/gumroad/pull/1217,https://github.com/antiwork/gumroad/pull/1217,I/O,,Make deterministic,REMOVE,Test only
201,opensearch-project,neural-search,,https://github.com/opensearch-project/neural-search,https://github.com/opensearch-project/neural-search/pull/1566,https://github.com/opensearch-project/neural-search/pull/1566,Network,,Make deterministic,REMOVE,Test only
202,radarlabs,radar-sdk-ios,,https://github.com/radarlabs/radar-sdk-ios,https://github.com/radarlabs/radar-sdk-ios/pull/334,https://github.com/radarlabs/radar-sdk-ios/pull/334,Async wait,,Sleep,DECREASE,Test only
203,theopenlane,core,,https://github.com/theopenlane/core,https://github.com/theopenlane/core/pull/1195,https://github.com/theopenlane/core/pull/1195,Test order dependency,,Setup/clean up state,REMOVE,Test only
204,opennextjs,opennextjs-aws,,https://github.com/opennextjs/opennextjs-aws,https://github.com/opennextjs/opennextjs-aws/pull/974,https://github.com/opennextjs/opennextjs-aws/pull/974,Async wait,,Reorder execution,REMOVE,Test only
205,google-gemini,gemini-cli,,https://github.com/google-gemini/gemini-cli,https://github.com/google-gemini/gemini-cli/pull/8395,https://github.com/google-gemini/gemini-cli/pull/8395,I/O,,Setup/clean up state,DECREASE,Test only
206,guardian,prout,,https://github.com/guardian/prout,https://github.com/guardian/prout/pull/146,https://github.com/guardian/prout/pull/146,Time,,WaitFor,REMOVE,Test only
207,Azure,azure-sdk-for-net,,https://github.com/Azure/azure-sdk-for-net,https://github.com/Azure/azure-sdk-for-net/pull/52584,https://github.com/Azure/azure-sdk-for-net/pull/52584,Time,,Sleep,DECREASE,Test only
208,ably,ably-chat-js,,https://github.com/ably/ably-chat-js,https://github.com/ably/ably-chat-js/pull/640,https://github.com/ably/ably-chat-js/pull/640,Async wait,,WaitFor,REMOVE,Test only
209,apache,kafka,,https://github.com/apache/kafka,https://github.com/apache/kafka/commit/ffcfc974d90ed1b2039dcfd13787e5dd8c3e9137,https://github.com/apache/kafka/commit/ffcfc974d90ed1b2039dcfd13787e5dd8c3e9137,Async wait,,Reorder execution,DECREASE,Test only
210,apache,kafka,,https://github.com/apache/kafka,https://github.com/apache/kafka/commit/0412be9e9de9b32ac83d7f00945f73c06776a7f3,https://github.com/apache/kafka/commit/0412be9e9de9b32ac83d7f00945f73c06776a7f3,Test order dependency,,Setup/clean up state,REMOVE,Test only
211,apache,kafka,,https://github.com/apache/kafka,https://github.com/apache/kafka/commit/f1e9aa1c6553855206f52b17c50eed537a6611e2,https://github.com/apache/kafka/commit/f1e9aa1c6553855206f52b17c50eed537a6611e2,Unordered collections,,Make deterministic,REMOVE,Test and Code
212,kubernetes,kubernetes,,https://github.com/kubernetes/kubernetes,https://github.com/kubernetes/kubernetes/commit/3355bd0800de3221aeea5e535ab70f8f84b1277d,https://github.com/kubernetes/kubernetes/commit/3355bd0800de3221aeea5e535ab70f8f84b1277d,Test order dependency,,Setup/clean up state,REMOVE,Test only
213,kubernetes,kubernetes,,https://github.com/kubernetes/kubernetes,https://github.com/kubernetes/kubernetes/commit/b4b973c23757b28d1753c0803f85dfb655d905f1,https://github.com/kubernetes/kubernetes/commit/b4b973c23757b28d1753c0803f85dfb655d905f1,Async wait,,WaitFor,REMOVE,Test and Code
214,elastic,elasticsearch,,https://github.com/elastic/elasticsearch,https://github.com/elastic/elasticsearch/commit/9848a6029813582a889cee434f6184882769505b,https://github.com/elastic/elasticsearch/commit/9848a6029813582a889cee434f6184882769505b,Async wait,,WaitFor,REMOVE,Test only
215,elastic,elasticsearch,,https://github.com/elastic/elasticsearch,https://github.com/elastic/elasticsearch/commit/278ae787f929959d35f5c8703720cd5248df47d7,https://github.com/elastic/elasticsearch/commit/278ae787f929959d35f5c8703720cd5248df47d7,Async wait,,WaitFor,REMOVE,Test only
216,elastic,elasticsearch,,https://github.com/elastic/elasticsearch,https://github.com/elastic/elasticsearch/commit/8bcecb92e88423acdd992ff94f959d49cb9daee1,https://github.com/elastic/elasticsearch/commit/8bcecb92e88423acdd992ff94f959d49cb9daee1,Concurrency,,Lock atomic operation,REMOVE,Code only
217,pandas-dev,pandas,,https://github.com/pandas-dev/pandas,https://github.com/pandas-dev/pandas/commit/da69aefddde7c0d5934c0a26791f7f013a0011a6,https://github.com/pandas-dev/pandas/commit/da69aefddde7c0d5934c0a26791f7f013a0011a6,Unordered collections,,Change condition,REMOVE,Test only
218,pandas-dev,pandas,,https://github.com/pandas-dev/pandas,https://github.com/pandas-dev/pandas/commit/a29c206d071bbd9b41a5cea77692e385cc48ca6c,https://github.com/pandas-dev/pandas/commit/a29c206d071bbd9b41a5cea77692e385cc48ca6c,I/O,,Change condition,DECREASE,Test only
219,prometheus,prometheus,,https://github.com/prometheus/prometheus,https://github.com/prometheus/prometheus/commit/d09db02854b1f5057ed1b5503db676a6a3b16b6e,https://github.com/prometheus/prometheus/commit/d09db02854b1f5057ed1b5503db676a6a3b16b6e,Async wait,,Other,REMOVE,Test only
220,cypress-io,cypress,,https://github.com/cypress-io/cypress,https://github.com/cypress-io/cypress/commit/738193f4505be801c35f4a5b4feb452f3f974a64,https://github.com/cypress-io/cypress/commit/738193f4505be801c35f4a5b4feb452f3f974a64,Async wait,,Sleep,DECREASE,Test only
221,cypress-io,cypress,,https://github.com/cypress-io/cypress,https://github.com/cypress-io/cypress/commit/c9b392afdae6dbd1540545fa47fc4785b0175e4b,https://github.com/cypress-io/cypress/commit/c9b392afdae6dbd1540545fa47fc4785b0175e4b,Async wait,,Change assertion,REMOVE,Test only
222,apache,spark,,https://github.com/apache/spark,https://github.com/apache/spark/commit/1ffbfbe487370f5071e72042441c499f35f63f72,https://github.com/apache/spark/commit/1ffbfbe487370f5071e72042441c499f35f63f72,Async wait,,WaitFor,REMOVE,Test only
223,apache,spark,,https://github.com/apache/spark,https://github.com/apache/spark/commit/11fff05032ecaec8024c9fb0c83e3e3229d2f9e7,https://github.com/apache/spark/commit/11fff05032ecaec8024c9fb0c83e3e3229d2f9e7,Async wait,,WaitFor,REMOVE,Test only
224,apache,spark,,https://github.com/apache/spark,https://github.com/apache/spark/commit/0aace88342e63f18cb79ae889fc010520ec2f90f,https://github.com/apache/spark/commit/0aace88342e63f18cb79ae889fc010520ec2f90f,Async wait,,WaitFor,REMOVE,Test only
225,apache,spark,,https://github.com/apache/spark,https://github.com/apache/spark/commit/4aa389fdb16a8d5e6811cb0ad0e53e94ce319a68,https://github.com/apache/spark/commit/4aa389fdb16a8d5e6811cb0ad0e53e94ce319a68,Async wait,,WaitFor,REMOVE,Test only
226,kiegroup,jbpm,,https://github.com/kiegroup/jbpm,https://github.com/kiegroup/jbpm/commit/00794823a1f4cf1cdef532c66adb9df01e89ec4e,https://github.com/kiegroup/jbpm/commit/00794823a1f4cf1cdef532c66adb9df01e89ec4e,Time,,Change condition,REMOVE,Test and Code
227,kiegroup,jbpm,,https://github.com/kiegroup/jbpm,https://github.com/kiegroup/jbpm/commit/f310148697be7544217f88483ab8dc43804e1475,https://github.com/kiegroup/jbpm/commit/f310148697be7544217f88483ab8dc43804e1475,Concurrency,,Make deterministic,REMOVE,Test only
228,kiegroup,jbpm,,https://github.com/kiegroup/jbpm,https://github.com/kiegroup/jbpm/commit/02eb4f8c8f3c35aee0cd3cfb6cac3aed65ed2b25,https://github.com/kiegroup/jbpm/commit/02eb4f8c8f3c35aee0cd3cfb6cac3aed65ed2b25,Time,,Sleep,REMOVE,Test only
229,kubernetes,kubernetes,,https://github.com/kubernetes/kubernetes,https://github.com/kubernetes/kubernetes/commit/7c1d133dff775f9a8f66b73b4d30af2bacdde5a9,https://github.com/kubernetes/kubernetes/commit/7c1d133dff775f9a8f66b73b4d30af2bacdde5a9,Async wait,,WaitFor,DECREASE,Test only
230,kubernetes,kubernetes,,https://github.com/kubernetes/kubernetes,https://github.com/kubernetes/kubernetes/commit/b79691898661545a0951daab289f0481ebca53ba,https://github.com/kubernetes/kubernetes/commit/b79691898661545a0951daab289f0481ebca53ba,Time,,Setup/clean up state,DECREASE,Configuration
231,kubernetes,kubernetes,,https://github.com/kubernetes/kubernetes,https://github.com/kubernetes/kubernetes/commit/50773d75b6b9fe4f4ce5d9727e2e84cab7c3353a,https://github.com/kubernetes/kubernetes/commit/50773d75b6b9fe4f4ce5d9727e2e84cab7c3353a,Time,,Sleep,REMOVE,Configuration
232,pytorch,pytorch,,https://github.com/pytorch/pytorch,https://github.com/pytorch/pytorch/pull/159215,https://github.com/pytorch/pytorch/pull/159215,Concurrency,,Other,REMOVE,Test only
233,pytorch,pytorch,,https://github.com/pytorch/pytorch,https://github.com/pytorch/pytorch/pull/159443,https://github.com/pytorch/pytorch/pull/159443,Test order dependency,,Setup/clean up state,REMOVE,Test only
234,pytorch,pytorch,,https://github.com/pytorch/pytorch,https://github.com/pytorch/pytorch/pull/158788,https://github.com/pytorch/pytorch/pull/158788,Floating point operations,,Other,REMOVE,Test only
235,python-trio,trio,,https://github.com/python-trio/trio,https://github.com/python-trio/trio/pull/2888,https://github.com/python-trio/trio/pull/2888,Test order dependency,,Setup/clean up state,REMOVE,Test only
236,ray-project,ray,,https://github.com/ray-project/ray,https://github.com/ray-project/ray/pull/56152,https://github.com/ray-project/ray/pull/56152,Concurrency,,Lock atomic region,REMOVE,Test and Configuration
237,ray-project,ray,,https://github.com/ray-project/ray,https://github.com/ray-project/ray/pull/56028,https://github.com/ray-project/ray/pull/56028,Unordered collections,,Other,REMOVE,Test only
238,ray-project,ray,,https://github.com/ray-project/ray,https://github.com/ray-project/ray/pull/55361,https://github.com/ray-project/ray/pull/55361,Concurrency,,Other,REMOVE,Test only
239,duckdb,duckdb,,https://github.com/duckdb/duckdb,https://github.com/duckdb/duckdb/pull/14367,https://github.com/duckdb/duckdb/pull/14367,Concurrency,,Other,REMOVE,Test only
240,facebook,rocksdb,,https://github.com/facebook/rocksdb,https://github.com/facebook/rocksdb/pull/13374,https://github.com/facebook/rocksdb/pull/13374,Concurrency,,Change condition,REMOVE,Test and Code
241,facebook,rocksdb,,https://github.com/facebook/rocksdb,https://github.com/facebook/rocksdb/pull/13234,https://github.com/facebook/rocksdb/pull/13234,Concurrency,,Other,REMOVE,Code only
242,facebook,rocksdb,,https://github.com/facebook/rocksdb,https://github.com/facebook/rocksdb/pull/13347,https://github.com/facebook/rocksdb/pull/13347,Concurrency,,Other,REMOVE,Test only
243,encode,httpx,,https://github.com/encode/httpx,https://github.com/encode/httpx/pull/946,https://github.com/encode/httpx/pull/946,Async wait,,Sleep,DECREASE,Test only
244,python-pillow,Pillow,,https://github.com/python-pillow/Pillow,https://github.com/python-pillow/Pillow/pull/6970,https://github.com/python-pillow/Pillow/pull/6970,Floating point operations,,Other,REMOVE,Test only
245,sphinx-doc,sphinx,,https://github.com/sphinx-doc/sphinx,https://github.com/sphinx-doc/sphinx/pull/12166,https://github.com/sphinx-doc/sphinx/pull/12166,Async wait,,Other,DECREASE,Test only
246,apache,hadoop,,https://github.com/apache/hadoop,https://github.com/apache/hadoop/pull/5445,https://github.com/apache/hadoop/pull/5445,Time,,WaitFor,REMOVE,Test and Code
247,apache,hadoop,,https://github.com/apache/hadoop,https://github.com/apache/hadoop/pull/3720,https://github.com/apache/hadoop/pull/3720,Time,,WaitFor,REMOVE,Test only
248,apache,hadoop,,https://github.com/apache/hadoop,https://github.com/apache/hadoop/pull/7659,https://github.com/apache/hadoop/pull/7659,Time,,WaitFor,REMOVE,Test only
249,apache,hadoop,,https://github.com/apache/hadoop,https://github.com/apache/hadoop/pull/6417,https://github.com/apache/hadoop/pull/6417,Concurrency,,Make deterministic,REMOVE,Test only
250,apache,activemq,,https://github.com/apache/activemq,https://github.com/apache/activemq/pull/951,https://github.com/apache/activemq/pull/951,Test order dependency,,Setup/clean up state,DECREASE,Test only
251,apache,hbase,,https://github.com/apache/hbase,https://github.com/apache/hbase/pull/5211,https://github.com/apache/hbase/pull/5211,Async wait,,WaitFor,REMOVE,Test only
252,django,django,,https://github.com/django/django,https://github.com/django/django/pull/19267,https://github.com/django/django/pull/19267,Async wait,,WaitFor,DECREASE,Test only
253,django,django,,https://github.com/django/django,https://github.com/django/django/pull/16419,https://github.com/django/django/pull/16419,Unordered collections,,Make deterministic,REMOVE,Test only
254,pandas-dev,pandas,,https://github.com/pandas-dev/pandas,https://github.com/pandas-dev/pandas/pull/51070,https://github.com/pandas-dev/pandas/pull/51070,OS,,Setup/clean up state,DECREASE,Test only
255,pandas-dev,pandas,,https://github.com/pandas-dev/pandas,https://github.com/pandas-dev/pandas/pull/46350,https://github.com/pandas-dev/pandas/pull/46350,OS,,Change assertion,ACCEPT,Test only
256,kubernetes,kubernetes,,https://github.com/kubernetes/kubernetes,https://github.com/kubernetes/kubernetes/pull/133807,https://github.com/kubernetes/kubernetes/pull/133807,Time,,WaitFor,DECREASE,Test only
257,letta-ai,letta,,https://github.com/letta-ai/letta,https://github.com/letta-ai/letta/commit/11ebcd8801ade1ef73c8adde54922afeaf8cfb84,https://github.com/letta-ai/letta/commit/11ebcd8801ade1ef73c8adde54922afeaf8cfb84,Async wait,,Sleep,DECREASE,Test only
258,letta-ai,letta,,https://github.com/letta-ai/letta,https://github.com/letta-ai/letta/commit/c581b063c224f2202cd2bcc8f86df125aae5dd35,https://github.com/letta-ai/letta/commit/c581b063c224f2202cd2bcc8f86df125aae5dd35,Randomness,,Change assertion,REMOVE,Test only
259,letta-ai,letta,,https://github.com/letta-ai/letta,https://github.com/letta-ai/letta/commit/a583e5d3093437761b583b54e730c140da622aac,https://github.com/letta-ai/letta/commit/a583e5d3093437761b583b54e730c140da622aac,Async wait,,Sleep,DECREASE,Test only
260,mastra-ai,mastra,,https://github.com/mastra-ai/mastra,https://github.com/mastra-ai/mastra/pull/5483,https://github.com/mastra-ai/mastra/pull/5483,Async wait,,WaitFor,DECREASE,Test only
261,mastra-ai,mastra,,https://github.com/mastra-ai/mastra,https://github.com/mastra-ai/mastra/commit/f4abe67a592c924b34ea40d0d018a8a6552dbd83,https://github.com/mastra-ai/mastra/commit/f4abe67a592c924b34ea40d0d018a8a6552dbd83,Network,,Remove dependency,DECREASE,Test and Configuration
262,mastra-ai,mastra,,https://github.com/mastra-ai/mastra,https://github.com/mastra-ai/mastra/commit/8a7d3463f821a4f00bb880327e545385519b0502,https://github.com/mastra-ai/mastra/commit/8a7d3463f821a4f00bb880327e545385519b0502,Test order dependency,,Setup/clean up state,REMOVE,Test only
263,continuedev,continue,,https://github.com/continuedev/continue,https://github.com/continuedev/continue/commit/3ae4253c285550b487d7fad80f4457e04a674804,https://github.com/continuedev/continue/commit/3ae4253c285550b487d7fad80f4457e04a674804,Async wait,,Sleep,DECREASE,Test only
264,continuedev,continue,,https://github.com/continuedev/continue,https://github.com/continuedev/continue/commit/1be8ed69ecab06faced15882e425c562cfae3dd1,https://github.com/continuedev/continue/commit/1be8ed69ecab06faced15882e425c562cfae3dd1,Concurrency,,Make deterministic,REMOVE,Test only
265,vllm-project,vllm,,https://github.com/vllm-project/vllm,https://github.com/vllm-project/vllm/commit/33f227e16bfc05910c6650a9d22911031d7f67d6,https://github.com/vllm-project/vllm/commit/33f227e16bfc05910c6650a9d22911031d7f67d6,Randomness,,Make deterministic,REMOVE,Test only
266,continuedev,continue,,https://github.com/continuedev/continue,https://github.com/continuedev/continue/commit/1be8ed69ecab06faced15882e425c562cfae3dd1,https://github.com/continuedev/continue/commit/1be8ed69ecab06faced15882e425c562cfae3dd1,Randomness,,Make deterministic,DECREASE,Test only
267,vllm-project,vllm,,https://github.com/vllm-project/vllm,https://github.com/vllm-project/vllm/commit/3253ae765ef4dc0604a6f3ed3a1dcd61fdda6bda,https://github.com/vllm-project/vllm/commit/3253ae765ef4dc0604a6f3ed3a1dcd61fdda6bda,Async wait,,Sleep,DECREASE,Test only
268,vllm-project,vllm,,https://github.com/vllm-project/vllm,https://github.com/vllm-project/vllm/commit/4ab3ac285e824542831c4326d01ce84bd8b65aad,https://github.com/vllm-project/vllm/commit/4ab3ac285e824542831c4326d01ce84bd8b65aad,Randomness,,Other,DECREASE,Code only
269,vllm-project,vllm,,https://github.com/vllm-project/vllm,https://github.com/vllm-project/vllm/commit/8564dc9448ed8648088c25248313933308ae36d8,https://github.com/vllm-project/vllm/commit/8564dc9448ed8648088c25248313933308ae36d8,Randomness,,Make deterministic,REMOVE,Test only
270,python,cpython,,https://github.com/python/cpython,https://github.com/python/cpython/commit/63a7f537d36310ce560853ab3bd100e31f1509b5,https://github.com/python/cpython/commit/63a7f537d36310ce560853ab3bd100e31f1509b5,Concurrency,,Change assertion,REMOVE,Test only
271,python,cpython,,https://github.com/python/cpython,https://github.com/python/cpython/commit/69db40b9dea9717c29a3855f0466260cf5cd108e,https://github.com/python/cpython/commit/69db40b9dea9717c29a3855f0466260cf5cd108e,Async wait,,WaitFor,REMOVE,Test only
272,python,cpython,,https://github.com/python/cpython,https://github.com/python/cpython/commit/47186880d605cb9723e5753bab81589aa53768d7,https://github.com/python/cpython/commit/47186880d605cb9723e5753bab81589aa53768d7,Unordered collections,,Change assertion,REMOVE,Test only
273,nodejs,node,,https://github.com/nodejs/node,https://github.com/nodejs/node/commit/2f8444917d1705624ca80deb9c71a2972427d030,https://github.com/nodejs/node/commit/2f8444917d1705624ca80deb9c71a2972427d030,Test order dependency,,Other,REMOVE,Code only
274,nodejs,node,,https://github.com/nodejs/node,https://github.com/nodejs/node/commit/50a57631e46193d8f66635cdeb9683c345ef1ed8,https://github.com/nodejs/node/commit/50a57631e46193d8f66635cdeb9683c345ef1ed8,Resource leak,,Setup/clean up state,REMOVE,Test only
275,nodejs,node,,https://github.com/nodejs/node,https://github.com/nodejs/node/commit/9ec34cb925afbfc73b0518febbca73bd8d1a64f6,https://github.com/nodejs/node/commit/9ec34cb925afbfc73b0518febbca73bd8d1a64f6,Concurrency,,Make deterministic,REMOVE,Test and Code and Configuration
276,nodejs,node,,https://github.com/nodejs/node,https://github.com/nodejs/node/commit/05b39ea8ab4c24bc19faba93686164a0b71bdaae,https://github.com/nodejs/node/commit/05b39ea8ab4c24bc19faba93686164a0b71bdaae,Resource leak,,Setup/clean up state,REMOVE,Test and Code
277,rust-lang,rust,,https://github.com/rust-lang/rust,https://github.com/rust-lang/rust/commit/4dca485db6b0f552d7cee25b4a66f6c05acf9ce3,https://github.com/rust-lang/rust/commit/4dca485db6b0f552d7cee25b4a66f6c05acf9ce3,Resource leak,,Other,REMOVE,Configuration
278,rust-lang,rust,,https://github.com/rust-lang/rust,https://github.com/rust-lang/rust/commit/64d667ae78f96102fb71286106ba3d0186f411c3,https://github.com/rust-lang/rust/commit/64d667ae78f96102fb71286106ba3d0186f411c3,Time,,Change assertion,REMOVE,Test only
279,rust-lang,rust,,https://github.com/rust-lang/rust,https://github.com/rust-lang/rust/commit/3516e25eedcf7438e04b6c1f5a7a926ac2c893bc,https://github.com/rust-lang/rust/commit/3516e25eedcf7438e04b6c1f5a7a926ac2c893bc,Async wait,,WaitFor,REMOVE,Test only
280,kubernetes,kubernetes,,https://github.com/kubernetes/kubernetes,https://github.com/kubernetes/kubernetes/pull/123686,https://github.com/kubernetes/kubernetes/pull/123686,Async wait,,WaitFor,REMOVE,Test only
281,kubernetes,kubernetes,,https://github.com/kubernetes/kubernetes,https://github.com/kubernetes/kubernetes/pull/133875,https://github.com/kubernetes/kubernetes/pull/133875,Unordered collections,,Other,REMOVE,Test only
282,elastic,elasticsearch,,https://github.com/elastic/elasticsearch,https://github.com/elastic/elasticsearch/pull/51223,https://github.com/elastic/elasticsearch/pull/51223,Time,,Other,REMOVE,Test only
283,apache,kafka,,https://github.com/apache/kafka,https://github.com/apache/kafka/pull/16094,https://github.com/apache/kafka/pull/16094,Async wait,,WaitFor,REMOVE,Test only
284,apache,kafka,,https://github.com/apache/kafka,https://github.com/apache/kafka/pull/20419,https://github.com/apache/kafka/pull/20419,Test order dependency,,Setup/clean up state,REMOVE,Test only
285,siderolabs,talos,,https://github.com/siderolabs/talos,https://github.com/siderolabs/talos/pull/9974,https://github.com/siderolabs/talos/pull/9974,Unordered collections,,Other,REMOVE,Test only
286,siderolabs,talos,,https://github.com/siderolabs/talos,https://github.com/siderolabs/talos/pull/11362,https://github.com/siderolabs/talos/pull/11362,Async wait,,Other,REMOVE,Test only
287,siderolabs,talos,,https://github.com/siderolabs/talos,https://github.com/siderolabs/talos/pull/2651,https://github.com/siderolabs/talos/pull/2651,Async wait,,WaitFor,REMOVE,Test only
288,apache,pulsar-client-go,,https://github.com/apache/pulsar-client-go,https://github.com/apache/pulsar-client-go/pull/1003,https://github.com/apache/pulsar-client-go/pull/1003,Concurrency,,Make deterministic,REMOVE,Test only
289,apache,pulsar-client-go,,https://github.com/apache/pulsar-client-go,https://github.com/apache/pulsar-client-go/pull/1292,https://github.com/apache/pulsar-client-go/pull/1292,Async wait,,WaitFor,REMOVE,Test only
290,apache,iceberg,,https://github.com/apache/iceberg,https://github.com/apache/iceberg/pull/11470,https://github.com/apache/iceberg/pull/11470,Test order dependency,,Setup/clean up state,REMOVE,Test only
291,apache,iceberg,,https://github.com/apache/iceberg,https://github.com/apache/iceberg/pull/13598,https://github.com/apache/iceberg/pull/13598,Randomness,,Other,REMOVE,Test only
292,apache,iceberg,,https://github.com/apache/iceberg,https://github.com/apache/iceberg/pull/12714,https://github.com/apache/iceberg/pull/12714,Async wait,,Sleep,DECREASE,Test only
293,apache,arrow-go,,https://github.com/apache/arrow-go,https://github.com/apache/arrow-go/pull/411,https://github.com/apache/arrow-go/pull/411,Test order dependency,,Setup/clean up state,REMOVE,Test only
294,apache,arrow-go,,https://github.com/apache/arrow-go,https://github.com/apache/arrow-go/pull/414,https://github.com/apache/arrow-go/pull/414,Concurrency,,Change condition,REMOVE,Code only
295,elastic,elasticsearch,,https://github.com/elastic/elasticsearch,https://github.com/elastic/elasticsearch/pull/133380,https://github.com/elastic/elasticsearch/pull/133380,Async wait,,WaitFor,REMOVE,Test only
296,elastic,elasticsearch,,https://github.com/elastic/elasticsearch,https://github.com/elastic/elasticsearch/pull/133489,https://github.com/elastic/elasticsearch/pull/133489,Randomness,,Other,REMOVE,Test and Configuration
297,elastic,elasticsearch,,https://github.com/elastic/elasticsearch,https://github.com/elastic/elasticsearch/pull/130810,https://github.com/elastic/elasticsearch/pull/130810,Concurrency,,Lock atomic region,DECREASE,Test only
298,elastic,elasticsearch,,https://github.com/elastic/elasticsearch,https://github.com/elastic/elasticsearch/pull/115633,https://github.com/elastic/elasticsearch/pull/115633,Randomness,,Other,REMOVE,Test and Configuration
299,ansible,ansible,,https://github.com/ansible/ansible,https://github.com/ansible/ansible/pull/82407,https://github.com/ansible/ansible/pull/82407,Async wait,,Sleep,DECREASE,Configuration
300,pallets,flask,,https://github.com/pallets/flask,https://github.com/pallets/flask/pull/4293,https://github.com/pallets/flask/pull/4293,Async wait,,WaitFor,DECREASE,Test only
301,matplotlib,matplotlib,,https://github.com/matplotlib/matplotlib,https://github.com/matplotlib/matplotlib/pull/16735,https://github.com/matplotlib/matplotlib/pull/16735,Randomness,,Make deterministic,REMOVE,Test only
302,matplotlib,matplotlib,,https://github.com/matplotlib/matplotlib,https://github.com/matplotlib/matplotlib/pull/28858,https://github.com/matplotlib/matplotlib/pull/28858,Concurrency,,Other,REMOVE,Test only
303,matplotlib,matplotlib,,https://github.com/matplotlib/matplotlib,https://github.com/matplotlib/matplotlib/pull/13782,https://github.com/matplotlib/matplotlib/pull/13782,Network,,Other,REMOVE,Test and Code and Configuration
304,matplotlib,matplotlib,,https://github.com/matplotlib/matplotlib,https://github.com/matplotlib/matplotlib/pull/16556,https://github.com/matplotlib/matplotlib/pull/16556,Time,,Change assertion,REMOVE,Test only
305,tensorflow,tensorflow,,https://github.com/tensorflow/tensorflow,https://github.com/tensorflow/tensorflow/pull/80585,https://github.com/tensorflow/tensorflow/pull/80585,Floating point operations,,Change assertion,REMOVE,Test only
306,tensorflow,tensorflow,,https://github.com/tensorflow/tensorflow,https://github.com/tensorflow/tensorflow/pull/97390,https://github.com/tensorflow/tensorflow/pull/97390,Test order dependency,,Remove dependency,REMOVE,Code only
307,elastic,kibana,,https://github.com/elastic/kibana,https://github.com/elastic/kibana/pull/190415,https://github.com/elastic/kibana/pull/190415,Test order dependency,,Reorder execution,REMOVE,Test only
308,apache,spark,,https://github.com/apache/spark,https://github.com/apache/spark/commit/0aace88342e63f18cb79ae889fc010520ec2f90f,https://github.com/apache/spark/commit/0aace88342e63f18cb79ae889fc010520ec2f90f,Async wait,,Sleep,REMOVE,Test only
309,apache,spark,,https://github.com/apache/spark,https://github.com/apache/spark/commit/1ffbfbe487370f5071e72042441c499f35f63f72,https://github.com/apache/spark/commit/1ffbfbe487370f5071e72042441c499f35f63f72,Time,,Reorder execution,REMOVE,Test only
310,getsentry,sentry-python,,https://github.com/getsentry/sentry-python,https://github.com/getsentry/sentry-python/pull/4590,https://github.com/getsentry/sentry-python/pull/4590,Concurrency,,Remove dependency,REMOVE,Code only
311,getsentry,sentry-python,,https://github.com/getsentry/sentry-python,https://github.com/getsentry/sentry-python/pull/4510,https://github.com/getsentry/sentry-python/pull/4510,Test order dependency,,Change assertion,REMOVE,Test and Code
312,apache,spark,,https://github.com/apache/spark,https://github.com/apache/spark/pull/52264,https://github.com/apache/spark/pull/52264,Concurrency,,WaitFor,REMOVE,Test only
313,apache,kafka,,https://github.com/apache/kafka,https://github.com/apache/kafka/pull/20509,https://github.com/apache/kafka/pull/20509,Concurrency,,Make structure thread local,REMOVE,Test only
314,apache,kafka,,https://github.com/apache/kafka,https://github.com/apache/kafka/pull/20496,https://github.com/apache/kafka/pull/20496,Async wait,,Reorder execution,REMOVE,Test only
315,apache,pulsar,,https://github.com/apache/pulsar,https://github.com/apache/pulsar/commit/465281cd5e7017e2d6b70c3b7ff917a53241bb66,https://github.com/apache/pulsar/commit/465281cd5e7017e2d6b70c3b7ff917a53241bb66,Concurrency,,Reorder execution,REMOVE,Test only
316,apache,pulsar,,https://github.com/apache/pulsar,https://github.com/apache/pulsar/commit/4e1d863634613f9e7dd13935138034712d9f1b69,https://github.com/apache/pulsar/commit/4e1d863634613f9e7dd13935138034712d9f1b69,OS,,Change condition,REMOVE,Test only
317,apache,pulsar,,https://github.com/apache/pulsar,https://github.com/apache/pulsar/commit/f795bf80490444fbd90528d26fb8d91bf9e34cfe,https://github.com/apache/pulsar/commit/f795bf80490444fbd90528d26fb8d91bf9e34cfe,Async wait,,WaitFor,REMOVE,Test only
318,apache,kafka,,https://github.com/apache/kafka,https://github.com/apache/kafka/commit/ac2a642ba99cde8a398510ce5cf503462863b489,https://github.com/apache/kafka/commit/ac2a642ba99cde8a398510ce5cf503462863b489,Async wait,,WaitFor,REMOVE,Test only
319,apache,kafka,,https://github.com/apache/kafka,https://github.com/apache/kafka/commit/2fa2c72581de641a8d62b8124209b75f75152b78,https://github.com/apache/kafka/commit/2fa2c72581de641a8d62b8124209b75f75152b78,Async wait,,WaitFor,REMOVE,Test only
320,apache,airflow,,https://github.com/apache/airflow,https://github.com/apache/airflow/commit/28278debebabdd44bf69609f17d2c7c9c8a39695,https://github.com/apache/airflow/commit/28278debebabdd44bf69609f17d2c7c9c8a39695,Time,,Make deterministic,REMOVE,Test only
321,apache,airflow,,https://github.com/apache/airflow,https://github.com/apache/airflow/commit/484bf409d510ef31a9323fb29dbbacdb018d3229,https://github.com/apache/airflow/commit/484bf409d510ef31a9323fb29dbbacdb018d3229,Unordered collections,,Make deterministic,REMOVE,Test and Configuration
322,apache,airflow,,https://github.com/apache/airflow,https://github.com/apache/airflow/commit/df2ac5020545b2d89b15f2a65cc5c99c0153f7b0,https://github.com/apache/airflow/commit/df2ac5020545b2d89b15f2a65cc5c99c0153f7b0,Unordered collections,,Make deterministic,REMOVE,Code only
323,apache,airflow,,https://github.com/apache/airflow,https://github.com/apache/airflow/commit/da618aa8930a3816e6eb9ab471716ddd41aa7572,https://github.com/apache/airflow/commit/da618aa8930a3816e6eb9ab471716ddd41aa7572,Unordered collections,,Change assertion,REMOVE,Test and Configuration
324,pandas-dev,pandas,,https://github.com/pandas-dev/pandas,https://github.com/pandas-dev/pandas/commit/61ba5f8ec1f5ce05a8c77a617fce3199e4f4b0ef,https://github.com/pandas-dev/pandas/commit/61ba5f8ec1f5ce05a8c77a617fce3199e4f4b0ef,I/O,,Make deterministic,REMOVE,Test only
325,pandas-dev,pandas,,https://github.com/pandas-dev/pandas,https://github.com/pandas-dev/pandas/commit/3552dc0c4533a5eafafe859f5afd29a7ce063e03,https://github.com/pandas-dev/pandas/commit/3552dc0c4533a5eafafe859f5afd29a7ce063e03,Time,,Make deterministic,REMOVE,Test only
326,gohugoio,hugo,,https://github.com/gohugoio/hugo,https://github.com/gohugoio/hugo/pull/10356,https://github.com/gohugoio/hugo/pull/10356,Async wait,,WaitFor,REMOVE,Test only
327,gohugoio,hugo,,https://github.com/gohugoio/hugo,https://github.com/gohugoio/hugo/commit/d25d89e653bceec53666cc9610137f9443551d72,https://github.com/gohugoio/hugo/commit/d25d89e653bceec53666cc9610137f9443551d72,Async wait,,WaitFor,DECREASE,Test only
328,electron,electron,,https://github.com/electron/electron,https://github.com/electron/electron/pull/39682,https://github.com/electron/electron/pull/39682,Async wait,,WaitFor,REMOVE,Test only
329,electron,electron,,https://github.com/electron/electron,https://github.com/electron/electron/commit/c42fb09fc925bbe82d0c99b6890af7dd1e0daf62,https://github.com/electron/electron/commit/c42fb09fc925bbe82d0c99b6890af7dd1e0daf62,Async wait,,WaitFor,REMOVE,Test only
330,electron,electron,,https://github.com/electron/electron,https://github.com/electron/electron/pull/23992,https://github.com/electron/electron/pull/23992,Async wait,,WaitFor,REMOVE,Test only
331,electron,electron,,https://github.com/electron/electron,https://github.com/electron/electron/commit/31f8e7553b0f01bc3e18fd0826533e619ecb0ade,https://github.com/electron/electron/commit/31f8e7553b0f01bc3e18fd0826533e619ecb0ade,Resource leak,,Change assertion,REMOVE,Test only
332,google,gvisor,,https://github.com/google/gvisor,https://github.com/google/gvisor/commit/9e2b411a509227d76802457adffd3b63044bba2a,https://github.com/google/gvisor/commit/9e2b411a509227d76802457adffd3b63044bba2a,Test order dependency,,Reorder execution,ACCEPT,Test only
333,Netflix,ribbon,,https://github.com/Netflix/ribbon,https://github.com/Netflix/ribbon/commit/c723dc5a2db992a3a2567c0b6c37a0851fc237f9,https://github.com/Netflix/ribbon/commit/c723dc5a2db992a3a2567c0b6c37a0851fc237f9,Async wait,,WaitFor,REMOVE,Test only
334,apache,pekko,,https://github.com/apache/pekko,https://github.com/apache/pekko/commit/7184dadf4a1d57ac07cd4eb26b67b3f8b5ccf47d,https://github.com/apache/pekko/commit/7184dadf4a1d57ac07cd4eb26b67b3f8b5ccf47d,Unordered collections,,Make deterministic,REMOVE,Code only
335,apache,pekko,,https://github.com/apache/pekko,https://github.com/apache/pekko/commit/af011361f4ecb24b3f407d543981076d2996fc97,https://github.com/apache/pekko/commit/af011361f4ecb24b3f407d543981076d2996fc97,Async wait,,WaitFor,DECREASE,Test only
336,LadybirdBrowser,ladybird,,https://github.com/LadybirdBrowser/ladybird,https://github.com/LadybirdBrowser/ladybird/commit/12ca074671afc10a1209e28e338c55f00ae1abe2,https://github.com/LadybirdBrowser/ladybird/commit/12ca074671afc10a1209e28e338c55f00ae1abe2,Randomness,,Other,REMOVE,Code only
337,LadybirdBrowser,ladybird,,https://github.com/LadybirdBrowser/ladybird,https://github.com/LadybirdBrowser/ladybird/commit/366f15b441abb2c3c3b244188edaa86e10712dcd,https://github.com/LadybirdBrowser/ladybird/commit/366f15b441abb2c3c3b244188edaa86e10712dcd,Async wait,,Sleep,DECREASE,Test only
338,LadybirdBrowser,ladybird,,https://github.com/LadybirdBrowser/ladybird,https://github.com/LadybirdBrowser/ladybird/commit/4330cdee74c86a383055d788de43fd4ae2bd7bc2,https://github.com/LadybirdBrowser/ladybird/commit/4330cdee74c86a383055d788de43fd4ae2bd7bc2,Concurrency,,Make deterministic,REMOVE,Test only
339,jenkinsci,jenkins,,https://github.com/jenkinsci/jenkins,https://github.com/jenkinsci/jenkins/pull/3769,https://github.com/jenkinsci/jenkins/pull/3769,Time,,WaitFor,DECREASE,Test only
340,jenkinsci,jenkins,,https://github.com/jenkinsci/jenkins,https://github.com/jenkinsci/jenkins/pull/8453,https://github.com/jenkinsci/jenkins/pull/8453,Unordered collections,,Make deterministic,REMOVE,Code only
341,apache,airflow,,https://github.com/apache/airflow,https://github.com/apache/airflow/pull/52936,https://github.com/apache/airflow/pull/52936,Concurrency,,Remove dependency,REMOVE,Test only
342,apache,airflow,,https://github.com/apache/airflow,https://github.com/apache/airflow/pull/54699,https://github.com/apache/airflow/pull/54699,Time,,Make deterministic,REMOVE,Test only
343,apache,airflow,,https://github.com/apache/airflow,https://github.com/apache/airflow/pull/46502/files,https://github.com/apache/airflow/pull/46502/files,Async wait,,WaitFor,REMOVE,Test and Code
344,apache,airflow,,https://github.com/apache/airflow,https://github.com/apache/airflow/pull/34075,https://github.com/apache/airflow/pull/34075,Concurrency,,WaitFor,DECREASE,Test only
345,apache,airflow,,https://github.com/apache/airflow,https://github.com/apache/airflow/pull/53782/files,https://github.com/apache/airflow/pull/53782/files,Test order dependency,,Make deterministic,REMOVE,Test and Configuration
346,spring-projects,spring-framework,,https://github.com/spring-projects/spring-framework,https://github.com/spring-projects/spring-framework/commit/fb0aa5abb3ffbcaec68ed74e14d9b98faba92262,https://github.com/spring-projects/spring-framework/commit/fb0aa5abb3ffbcaec68ed74e14d9b98faba92262,Async wait,,WaitFor,REMOVE,Test only
347,elastic,elasticsearch,,https://github.com/elastic/elasticsearch,https://github.com/elastic/elasticsearch/pull/114892,https://github.com/elastic/elasticsearch/pull/114892,Floating point operations,,Make deterministic,REMOVE,Test only
348,elastic,elasticsearch,,https://github.com/elastic/elasticsearch,https://github.com/elastic/elasticsearch/pull/132641/files,https://github.com/elastic/elasticsearch/pull/132641/files,Async wait,,WaitFor,REMOVE,Test only
349,elastic,elasticsearch,,https://github.com/elastic/elasticsearch,https://github.com/elastic/elasticsearch/pull/126707,https://github.com/elastic/elasticsearch/pull/126707,Randomness,,Change assertion,REMOVE,Test only
350,apache,flink-kubernetes-operator,,https://github.com/apache/flink-kubernetes-operator,https://github.com/apache/flink-kubernetes-operator/commit/3f4481732621e7276485dcbab9f98d7c94e93fac,https://github.com/apache/flink-kubernetes-operator/commit/3f4481732621e7276485dcbab9f98d7c94e93fac,Time,,Change condition,REMOVE,Code only
351,apache,kafka,,https://github.com/apache/kafka,https://github.com/apache/kafka/commit/63fc9b3cb8c0a21a8a6df4254b4e8e7f44e35308,https://github.com/apache/kafka/commit/63fc9b3cb8c0a21a8a6df4254b4e8e7f44e35308,Concurrency,,Reorder execution,REMOVE,Test only
352,apache,kafka,,https://github.com/apache/kafka,https://github.com/apache/kafka/commit/ac2a642ba99cde8a398510ce5cf503462863b489,https://github.com/apache/kafka/commit/ac2a642ba99cde8a398510ce5cf503462863b489,Concurrency,,Reorder execution,REMOVE,Test only
353,apache,kafka,,https://github.com/apache/kafka,https://github.com/apache/kafka/commit/2fa2c72581de641a8d62b8124209b75f75152b78,https://github.com/apache/kafka/commit/2fa2c72581de641a8d62b8124209b75f75152b78,Async wait,,WaitFor,REMOVE,Test only
354,apache,kafka,,https://github.com/apache/kafka,https://github.com/apache/kafka/commit/e76e1da5ea5cca0df90880481ee092b1766831c4,https://github.com/apache/kafka/commit/e76e1da5ea5cca0df90880481ee092b1766831c4,Async wait,,WaitFor,REMOVE,Test only
355,pygame,pygame,,https://github.com/pygame/pygame,https://github.com/pygame/pygame/commit/0316adeb4533b2eae7e78cbb18aefa509f37f0c9,https://github.com/pygame/pygame/commit/0316adeb4533b2eae7e78cbb18aefa509f37f0c9,Time,,Change assertion,REMOVE,Test only
356,apache,spark,,https://github.com/apache/spark,https://github.com/apache/spark/commit/d3f638f3f8f43c7eb223628fe05cbb2f4d0a296e,https://github.com/apache/spark/commit/d3f638f3f8f43c7eb223628fe05cbb2f4d0a296e,Async wait,,WaitFor,REMOVE,Test only
357,aws,amazon-vpc-cni-plugins,,https://github.com/aws/amazon-vpc-cni-plugins,https://github.com/aws/amazon-vpc-cni-plugins/commit/be5214353252f8315a1341f4df9ffbd8cf69000c,https://github.com/aws/amazon-vpc-cni-plugins/commit/be5214353252f8315a1341f4df9ffbd8cf69000c,Test order dependency,,Setup/clean up state,REMOVE,Test and Configuration
358,googleapis,google-cloud-rust,,https://github.com/googleapis/google-cloud-rust,https://github.com/googleapis/google-cloud-rust/commit/d1348119749a52e9bdc48267eca3d1746d330250,https://github.com/googleapis/google-cloud-rust/commit/d1348119749a52e9bdc48267eca3d1746d330250,Time,,Change assertion,REMOVE,Test and Code
359,apache,iceberg,,https://github.com/apache/iceberg,https://github.com/apache/iceberg/commit/20e0e3dae59826ea02bc2c79f8778cdf7a825316,https://github.com/apache/iceberg/commit/20e0e3dae59826ea02bc2c79f8778cdf7a825316,I/O,,Setup/clean up state,REMOVE,Test only
360,kubernetes,kubernetes,,https://github.com/kubernetes/kubernetes,https://github.com/kubernetes/kubernetes/commit/5b072a5,https://github.com/kubernetes/kubernetes/commit/5b072a5,Async wait,,WaitFor,REMOVE,Test only
361,kubernetes,kubernetes,,https://github.com/kubernetes/kubernetes,https://github.com/kubernetes/kubernetes/pull/133986,https://github.com/kubernetes/kubernetes/pull/133986,Network,,Change assertion,REMOVE,Test only
362,kubernetes,kubernetes,,https://github.com/kubernetes/kubernetes,https://github.com/kubernetes/kubernetes/pull/119709,https://github.com/kubernetes/kubernetes/pull/119709,Time,,WaitFor,REMOVE,Test only
363,kubernetes,kubernetes,,https://github.com/kubernetes/kubernetes,https://github.com/kubernetes/kubernetes/pull/130306,https://github.com/kubernetes/kubernetes/pull/130306,I/O,,Setup/clean up state,REMOVE,Test only
364,thanos-io,thanos,,https://github.com/thanos-io/thanos,https://github.com/thanos-io/thanos/pull/8395,https://github.com/thanos-io/thanos/pull/8395,Time,,WaitFor,REMOVE,Test only
365,thanos-io,thanos,,https://github.com/thanos-io/thanos,https://github.com/thanos-io/thanos/pull/8393,https://github.com/thanos-io/thanos/pull/8393,Network,,WaitFor,REMOVE,Test only
366,apache,rocketmq,,https://github.com/apache/rocketmq,https://github.com/apache/rocketmq/pull/7625,https://github.com/apache/rocketmq/pull/7625,I/O,,Setup/clean up state,REMOVE,Test only
367,apache,rocketmq,,https://github.com/apache/rocketmq,https://github.com/apache/rocketmq/pull/7631,https://github.com/apache/rocketmq/pull/7631,Concurrency,,Lock atomic region,REMOVE,Test only
368,apache,rocketmq,,https://github.com/apache/rocketmq,https://github.com/apache/rocketmq/pull/5509,https://github.com/apache/rocketmq/pull/5509,Network,,WaitFor,REMOVE,Test only
369,apache,rocketmq,,https://github.com/apache/rocketmq,https://github.com/apache/rocketmq/pull/7432,https://github.com/apache/rocketmq/pull/7432,Concurrency,,Reorder execution,REMOVE,Test only
370,thanos-io,thanos,,https://github.com/thanos-io/thanos,https://github.com/thanos-io/thanos/pull/8312,https://github.com/thanos-io/thanos/pull/8312,Unordered collections,,Make deterministic,REMOVE,Test only
371,kubernetes,kubernetes,,https://github.com/kubernetes/kubernetes,https://github.com/kubernetes/kubernetes/pull/126580,https://github.com/kubernetes/kubernetes/pull/126580,Concurrency,,Lock atomic region,REMOVE,Test only
372,pallets,flask,,https://github.com/pallets/flask,https://github.com/pallets/flask/pull/4293,https://github.com/pallets/flask/pull/4293,Async wait,,Lock atomic operation,REMOVE,Test only
373,signalfx,splunk-otel-java,,https://github.com/signalfx/splunk-otel-java,https://github.com/signalfx/splunk-otel-java/pull/2438,https://github.com/signalfx/splunk-otel-java/pull/2438,Async wait,,WaitFor,DECREASE,Test only
374,microsoft,vscode,,https://github.com/microsoft/vscode,https://github.com/microsoft/vscode/pull/255123,https://github.com/microsoft/vscode/pull/255123,Async wait,,WaitFor,REMOVE,Test only
375,microsoft,vscode,,https://github.com/microsoft/vscode,https://github.com/microsoft/vscode/pull/248230,https://github.com/microsoft/vscode/pull/248230,Randomness,,Make deterministic,REMOVE,Test only
376,microsoft,vscode,,https://github.com/microsoft/vscode,https://github.com/microsoft/vscode/pull/244763,https://github.com/microsoft/vscode/pull/244763,Randomness,,Make deterministic,DECREASE,Test only
377,grafana,alloy,,https://github.com/grafana/alloy,https://github.com/grafana/alloy/pull/4387,https://github.com/grafana/alloy/pull/4387,Async wait,,WaitFor,REMOVE,Test only
378,tensorflow,tensorflow,,https://github.com/tensorflow/tensorflow,https://github.com/tensorflow/tensorflow/pull/98800,https://github.com/tensorflow/tensorflow/pull/98800,Concurrency,,Make deterministic,REMOVE,Test only
379,tensorflow,tensorflow,,https://github.com/tensorflow/tensorflow,https://github.com/tensorflow/tensorflow/pull/98516,https://github.com/tensorflow/tensorflow/pull/98516,Resource leak,,Setup/clean up state,DECREASE,Test only
380,tensorflow,tensorflow,,https://github.com/tensorflow/tensorflow,https://github.com/tensorflow/tensorflow/pull/79473,https://github.com/tensorflow/tensorflow/pull/79473,I/O,,Change assertion,REMOVE,Test only
381,bodo-ai,Bodo,,https://github.com/bodo-ai/Bodo,https://github.com/bodo-ai/Bodo/pull/809,https://github.com/bodo-ai/Bodo/pull/809,Time,,WaitFor,DECREASE,Test only
382,temporalio,ui,,https://github.com/temporalio/ui,https://github.com/temporalio/ui/pull/2897,https://github.com/temporalio/ui/pull/2897,Async wait,,WaitFor,REMOVE,Code only
383,eccles,go-set,,https://github.com/eccles/go-set,https://github.com/eccles/go-set/pull/32,https://github.com/eccles/go-set/pull/32,Unordered collections,,Change assertion,REMOVE,Test only
384,apache,airflow,,https://github.com/apache/airflow,https://github.com/apache/airflow/pull/53782,https://github.com/apache/airflow/pull/53782,Unordered collections,,Make deterministic,REMOVE,Code only
385,apache,airflow,,https://github.com/apache/airflow,https://github.com/apache/airflow/pull/51193,https://github.com/apache/airflow/pull/51193,Test order dependency,,Other,ACCEPT,Test only
386,apache,airflow,,https://github.com/apache/airflow,https://github.com/apache/airflow/pull/42028,https://github.com/apache/airflow/pull/42028,Async wait,,WaitFor,REMOVE,Test only
387,django,django,,https://github.com/django/django,https://github.com/django/django/pull/19437,https://github.com/django/django/pull/19437,Time,,Change assertion,DECREASE,Test only
388,django,django,,https://github.com/django/django,https://github.com/django/django/pull/19267,https://github.com/django/django/pull/19267,Async wait,,Other,REMOVE,Test only
389,django,django,,https://github.com/django/django,https://github.com/django/django/pull/16970,https://github.com/django/django/pull/16970,Async wait,,WaitFor,REMOVE,Test only
390,nodejs,node,,https://github.com/nodejs/node,https://github.com/nodejs/node/pull/59595,https://github.com/nodejs/node/pull/59595,Async wait,,WaitFor,REMOVE,Test only
391,nodejs,node,,https://github.com/nodejs/node,https://github.com/nodejs/node/pull/59165,https://github.com/nodejs/node/pull/59165,Time,,Remove dependency,REMOVE,Test only
392,nodejs,node,,https://github.com/nodejs/node,https://github.com/nodejs/node/pull/58567,https://github.com/nodejs/node/pull/58567,OS,,Change assertion,DECREASE,Test only
393,nodejs,node,,https://github.com/nodejs/node,https://github.com/nodejs/node/pull/58414,https://github.com/nodejs/node/pull/58414,OS,,Change condition,REMOVE,Test only
394,nodejs,node,,https://github.com/nodejs/node,https://github.com/nodejs/node/pull/56339,https://github.com/nodejs/node/pull/56339,Async wait,,WaitFor,REMOVE,Test only
395,nodejs,node,,https://github.com/nodejs/node,https://github.com/nodejs/node/pull/53993,https://github.com/nodejs/node/pull/53993,OS,,Change assertion,REMOVE,Test only
396,google,mug,,https://github.com/google/mug,https://github.com/google/mug/commit/dcca78d38d3893939cc6c7432b6c7bffa1fbb44e,https://github.com/google/mug/commit/dcca78d38d3893939cc6c7432b6c7bffa1fbb44e,Async wait,,Sleep,DECREASE,Test and Code
397,google,adk-java,,https://github.com/google/adk-java,https://github.com/google/adk-java/commit/bfdf13c147f02022ae45285c25222c4eca790c5e,https://github.com/google/adk-java/commit/bfdf13c147f02022ae45285c25222c4eca790c5e,Async wait,,WaitFor,DECREASE,Test only
398,google,yggdrasil-decision-forests,,https://github.com/google/yggdrasil-decision-forests,https://github.com/google/yggdrasil-decision-forests/commit/095e31527c2580768f9571871cbc3daf04ddf415#diff-c37ecea972cbe79910743a8322d961a58b82b269fe4a0edf4ce65132d6b7fea3,https://github.com/google/yggdrasil-decision-forests/commit/095e31527c2580768f9571871cbc3daf04ddf415#diff-c37ecea972cbe79910743a8322d961a58b82b269fe4a0edf4ce65132d6b7fea3,Randomness,,Other,DECREASE,Test only
399,google,android-cuttlefish,,https://github.com/google/android-cuttlefish,https://github.com/google/android-cuttlefish/commit/5245e130521f74305d6963a65fb95e30355a7844,https://github.com/google/android-cuttlefish/commit/5245e130521f74305d6963a65fb95e30355a7844,Network,,WaitFor,DECREASE,Test only
400,google,tf-shell,,https://github.com/google/tf-shell,https://github.com/google/tf-shell/commit/eda953da7d6a2443517edc47a93f32526ced64f5,https://github.com/google/tf-shell/commit/eda953da7d6a2443517edc47a93f32526ced64f5,Randomness,,Other,DECREASE,Test only
401,elastic,elasticsearch,,https://github.com/elastic/elasticsearch,https://github.com/elastic/elasticsearch/commit/ccb721baab856d2d729b38841f4f2a2904063118#diff-41386766c394f14f5f205f92bb26eb1420b80af0057c78b2842fcc7ddd3d67aa,https://github.com/elastic/elasticsearch/commit/ccb721baab856d2d729b38841f4f2a2904063118#diff-41386766c394f14f5f205f92bb26eb1420b80af0057c78b2842fcc7ddd3d67aa,Network,,Make deterministic,REMOVE,Test and Configuration
402,elastic,elasticsearch,,https://github.com/elastic/elasticsearch,https://github.com/elastic/elasticsearch/commit/8bcecb92e88423acdd992ff94f959d49cb9daee1,https://github.com/elastic/elasticsearch/commit/8bcecb92e88423acdd992ff94f959d49cb9daee1,Concurrency,,Lock atomic region,REMOVE,Code only
403,nodejs,node,,https://github.com/nodejs/node,https://github.com/nodejs/node/commit/7ce82ad1de2556e12239934014ef8ea27a39cbb2,https://github.com/nodejs/node/commit/7ce82ad1de2556e12239934014ef8ea27a39cbb2,OS,,Change assertion,REMOVE,Test only
404,nodejs,node,,https://github.com/nodejs/node,https://github.com/nodejs/node/commit/a05cb0d1b0cb7504ed535a7c4f5b50a6bc7db659,https://github.com/nodejs/node/commit/a05cb0d1b0cb7504ed535a7c4f5b50a6bc7db659,Concurrency,,Change assertion,REMOVE,Test only
405,google,android-cuttlefish,,https://github.com/google/android-cuttlefish,https://github.com/google/android-cuttlefish/commit/bfa8acc4e6f55758cdef20d9313982f49ac51072,https://github.com/google/android-cuttlefish/commit/bfa8acc4e6f55758cdef20d9313982f49ac51072,Async wait,,WaitFor,DECREASE,Test only
406,google,site-kit-wp,,https://github.com/google/site-kit-wp,https://github.com/google/site-kit-wp/commit/8195f44ffc133f29e1d99cce3d275e515fb1c0ef,https://github.com/google/site-kit-wp/commit/8195f44ffc133f29e1d99cce3d275e515fb1c0ef,Async wait,,WaitFor,REMOVE,Test only
407,google,adk-python,,https://github.com/google/adk-python,https://github.com/google/adk-python/commit/430b82024fa88575de6d19399e8da6047962b77d,https://github.com/google/adk-python/commit/430b82024fa88575de6d19399e8da6047962b77d,Time,,Make deterministic,REMOVE,Test only
408,twentyhq,twenty,,https://github.com/twentyhq/twenty,https://github.com/twentyhq/twenty/pull/14331,https://github.com/twentyhq/twenty/pull/14331,Time,,Make deterministic,REMOVE,Test only
409,unboxed,bops,,https://github.com/unboxed/bops,https://github.com/unboxed/bops/pull/2529,https://github.com/unboxed/bops/pull/2529,Async wait,,WaitFor,REMOVE,Test only
410,eccles,go-set,,https://github.com/eccles/go-set,https://github.com/eccles/go-set/pull/32,https://github.com/eccles/go-set/pull/32,Unordered collections,,Change assertion,REMOVE,Test only
411,sigma67,ytmusicapi,,https://github.com/sigma67/ytmusicapi,https://github.com/sigma67/ytmusicapi/pull/810,https://github.com/sigma67/ytmusicapi/pull/810,Unordered collections,,Change assertion,REMOVE,Test only
412,Havret,dotnet-activemq-artemis-client,,https://github.com/Havret/dotnet-activemq-artemis-client,https://github.com/Havret/dotnet-activemq-artemis-client/pull/539,https://github.com/Havret/dotnet-activemq-artemis-client/pull/539,Time,,Change assertion,DECREASE,Test only
413,temporalio,omes,,https://github.com/temporalio/omes,https://github.com/temporalio/omes/pull/190,https://github.com/temporalio/omes/pull/190,Async wait,,WaitFor,REMOVE,Test only
414,c9s,bbgo,,https://github.com/c9s/bbgo,https://github.com/c9s/bbgo/pull/2194,https://github.com/c9s/bbgo/pull/2194,Async wait,,Sleep,REMOVE,Test only
415,cowprotocol,services,,https://github.com/cowprotocol/services,https://github.com/cowprotocol/services/pull/3597,https://github.com/cowprotocol/services/pull/3597,Async wait,,WaitFor,REMOVE,Test and Code and Configuration
416,envoyproxy,ai-gateway,,https://github.com/envoyproxy/ai-gateway,https://github.com/envoyproxy/ai-gateway/pull/1143,https://github.com/envoyproxy/ai-gateway/pull/1143,Async wait,,WaitFor,REMOVE,Test only
417,codebar,planner,,https://github.com/codebar/planner,https://github.com/codebar/planner/pull/2287,https://github.com/codebar/planner/pull/2287,Unordered collections,,Change assertion,REMOVE,Test only
418,redis,agent-memory-server,,https://github.com/redis/agent-memory-server,https://github.com/redis/agent-memory-server/commit/2d2f4a16f266e59a9379dad76845520c65920faf,https://github.com/redis/agent-memory-server/commit/2d2f4a16f266e59a9379dad76845520c65920faf,Randomness,,Change assertion,DECREASE,Test and Code
419,pallets,flask,,https://github.com/pallets/flask,https://github.com/pallets/flask/pull/4293,https://github.com/pallets/flask/pull/4293,Async wait,,WaitFor,DECREASE,Test only
420,jetty,jetty.project,,https://github.com/jetty/jetty.project,https://github.com/jetty/jetty.project/pull/13531,https://github.com/jetty/jetty.project/pull/13531,Async wait,,WaitFor,REMOVE,Test only
421,Alluxio,alluxio,,https://github.com/Alluxio/alluxio,https://github.com/Alluxio/alluxio/pull/16850,https://github.com/Alluxio/alluxio/pull/16850,Concurrency,,Make deterministic,REMOVE,Test only
422,apache,kafka,,https://github.com/apache/kafka,https://github.com/apache/kafka/pull/20085,https://github.com/apache/kafka/pull/20085,Async wait,,WaitFor,REMOVE,Test only
423,apache,kafka,,https://github.com/apache/kafka,https://github.com/apache/kafka/pull/19824,https://github.com/apache/kafka/pull/19824,Async wait,,WaitFor,REMOVE,Test only
424,apache,kafka,,https://github.com/apache/kafka,https://github.com/apache/kafka/pull/19628,https://github.com/apache/kafka/pull/19628,Async wait,,WaitFor,REMOVE,Test only
425,kubernetes,kubernetes,,https://github.com/kubernetes/kubernetes,https://github.com/kubernetes/kubernetes/pull/133267,https://github.com/kubernetes/kubernetes/pull/133267,Async wait,,WaitFor,REMOVE,Test only
426,kubernetes,kubernetes,,https://github.com/kubernetes/kubernetes,https://github.com/kubernetes/kubernetes/pull/128239,https://github.com/kubernetes/kubernetes/pull/128239,Time,,Other,DECREASE,Test only
427,kubernetes,kubernetes,,https://github.com/kubernetes/kubernetes,https://github.com/kubernetes/kubernetes/pull/129369,https://github.com/kubernetes/kubernetes/pull/129369,Test order dependency,,Setup/clean up state,REMOVE,Test only
428,kubernetes,kubernetes,,https://github.com/kubernetes/kubernetes,https://github.com/kubernetes/kubernetes/pull/132250,https://github.com/kubernetes/kubernetes/pull/132250,Async wait,,Sleep,REMOVE,Test only
429,denoland,deno,,https://github.com/denoland/deno,https://github.com/denoland/deno/pull/29760,https://github.com/denoland/deno/pull/29760,Async wait,,WaitFor,REMOVE,Test only
430,denoland,deno,,https://github.com/denoland/deno,https://github.com/denoland/deno/pull/28209,https://github.com/denoland/deno/pull/28209,Randomness,,Other,REMOVE,Configuration
431,denoland,deno,,https://github.com/denoland/deno,https://github.com/denoland/deno/pull/23134,https://github.com/denoland/deno/pull/23134,Async wait,,WaitFor,REMOVE,Test only
